difficulty,game,max_lat,mean_lat,n_players,noise,pid,score,wait
2en01,2015-01-25-11-32-5-407_8_3-2en01_745098564075,119.5,26.97048611111111,2,3-2en01,3580-d876de84-6e34-495f-b252-57eecc311eae,0.7840000000000001,1553
2en01,2015-01-25-11-32-5-407_8_3-2en01_745098564075,179.0,25.55,2,3-2en01,7445-aac1aa56-6bce-4748-9af7-17636c64cd7a,0.5519999999999999,901
2en01,2015-01-25-11-41-40-481_8_2-2en01_816255721962,125.0,16.571378951024663,4,2-2en01,4953-21c5f3cc-1150-4590-aee6-0fa4f9733731,0.6,2172
2en01,2015-01-25-11-41-40-481_8_2-2en01_816255721962,313.0,62.70389023966655,4,2-2en01,3199-c8a58735-c159-4e21-8dcf-5a95a14a63b4,0.6640000000000001,1790
2en01,2015-01-25-11-41-40-481_8_2-2en01_816255721962,87.0,47.298090277777774,4,2-2en01,9229-818504c0-2843-47a9-a703-afe4b88c1502,0.704,2395
2en01,2015-01-25-11-41-40-481_8_2-2en01_816255721962,211.0,44.234027777777776,4,2-2en01,0650-8ec13177-f231-4d8a-ab6e-113d000493dc,0.712,2130
2en01,2015-01-25-11-46-41-665_8_3-2en01_790439564036,148.5,37.98436957276832,1,3-2en01,7750-7b1f4943-8101-4bd8-866c-f3ae3dec94c1,0.5279999999999999,1886
2en01,2015-01-25-11-56-54-310_8_3-2en01_745747129898,32.5,14.577457450503648,1,3-2en01,4882-63ee0e74-1ccd-4f9e-9fe9-c4c255ac487c,0.8399999999999999,2408
2en01,2015-01-25-12-12-41-492_8_2-2en01_364310212666,330.0,54.407465277777774,2,2-2en01,9440-a04ecb59-cc7a-4fa2-9979-314a7ccea696,0.5519999999999999,569
2en01,2015-01-25-12-12-41-492_8_2-2en01_364310212666,158.5,26.343174713442167,2,2-2en01,3249-c7207757-8ab0-4e12-957e-5baff0da2c8a,0.696,2409
2en01,2015-01-25-12-2-14-79_8_2-2en01_710215174360,502.0,50.36944444444445,2,2-2en01,6103-e4b49e40-65ef-4931-aa6a-fa86f023cc3f,0.6000000000000001,2408
2en01,2015-01-25-12-2-14-79_8_2-2en01_710215174360,55.5,24.496180555555554,2,2-2en01,6475-aaf786c6-cbed-4476-8ae8-beae68a2a37c,0.736,1264
2en01,2015-01-25-12-37-13-890_8_3-2en01_117019667057,190.0,72.71378951024661,1,3-2en01,7414-8956062c-9ee1-48c4-8175-cd136979e69f,0.6880000000000001,948
2en01,2015-01-25-17-35-52-592_8_3-2en01_791332189692,318.5,29.320486111111112,4,3-2en01,0171-1029a5dc-49c4-472f-afb4-a8ee29710366,0.7759999999999999,1238
2en01,2015-01-25-17-35-52-592_8_3-2en01_791332189692,66.5,10.333333333333334,4,3-2en01,6585-ad3132ab-1c42-42df-bbe3-647145bef135,0.504,2407
2en01,2015-01-25-17-35-52-592_8_3-2en01_791332189692,174.5,41.016666666666666,4,3-2en01,8049-88a14420-308c-4155-8349-898bfdce1a80,0.52,103
2en01,2015-01-25-17-35-52-592_8_3-2en01_791332189692,19.0,8.738798193817297,4,3-2en01,1865-7a79a07c-4145-4913-b7f5-53992f652b15,0.5920000000000001,783
2en01,2015-01-25-17-45-7-823_2_2-2en01_136029488407,118.0,18.48141715873567,1,2-2en01,7421-97e7df93-20c8-451e-890a-c499cef70c63,0.64,836
2en01,2015-01-25-17-47-29-191_4_1-2en01_25809311075,1079.5,33.9234375,3,1-2en01,7325-63a9806a-2632-4991-a259-deeaeeb2f368,0.616,24
2en01,2015-01-25-17-47-29-191_4_1-2en01_25809311075,794.0,42.80277777777778,3,1-2en01,1905-1f606f5e-010e-4b33-ba37-c0d46f490606,0.76,310
2en01,2015-01-25-17-47-29-191_4_1-2en01_25809311075,694.5,126.56128472222223,3,1-2en01,6617-d2699799-2f36-40e4-93a8-a87a99297228,0.576,1966
2en01,2015-01-25-17-51-59-196_4_1-2en01_916630183113,335.5,40.372525182354984,1,1-2en01,1536-09334381-c8dd-4c7d-82ce-d40a59e2514e,0.528,24
2en01,2015-01-25-18-0-38-117_8_1-2en01_828798080561,59.5,32.958333333333336,1,1-2en01,6830-6d4b704b-4487-4241-8220-7319d075c7da,0.704,2413
2en01,2015-01-25-18-44-51-962_2_3-2en01_350363129284,151.5,35.34178534213269,2,3-2en01,1837-9f4d71f0-ed0a-4ea6-a244-9da2d5045599,0.7120000000000001,24
2en01,2015-01-25-18-44-51-962_2_3-2en01_350363129284,279.5,31.665161514414727,2,3-2en01,4996-5f57f8d1-fc02-492a-abed-ed4a7ec41687,0.792,24
2en01,2015-01-25-18-44-59-750_4_0-2en01_506754359463,244.0,17.00555748523793,4,0-2en01,0704-0950e5f2-c2f0-471e-a3de-24d283f31041,0.6239999999999999,488
2en01,2015-01-25-18-44-59-750_4_0-2en01_506754359463,2293.0,87.69642236887809,4,0-2en01,2170-0ff5e8ca-bff8-4b41-923e-95997cd7a27e,0.6799999999999999,647
2en01,2015-01-25-18-44-59-750_4_0-2en01_506754359463,264.5,50.234027777777776,4,0-2en01,1299-fb80df46-e388-4ba1-bff4-756d09c3e9a4,0.6559999999999999,24
2en01,2015-01-25-18-44-59-750_4_0-2en01_506754359463,125.5,28.400312608544635,4,0-2en01,4710-7162e54c-f969-49ce-a8a0-ee49e9cf7dde,0.6880000000000001,380
2en01,2015-01-25-18-46-32-863_2_1-2en01_946811519563,337.5,46.99149305555556,1,1-2en01,7235-42d9157b-da9a-46bf-a6d5-187db207ae20,0.728,24
2en01,2015-01-25-18-46-55-823_8_3-2en01_895010825479,138.5,24.49670024313998,5,3-2en01,2200-c1bb27b2-ebc8-4643-a6ed-9ef3a6cc5435,0.6479999999999999,104
2en01,2015-01-25-18-46-55-823_8_3-2en01_895010825479,155.0,93.1701979854116,5,3-2en01,9455-54244e6f-7f8a-4a00-b596-c430d82fa142,0.696,1129
2en01,2015-01-25-18-46-55-823_8_3-2en01_895010825479,363.0,49.34543244182008,5,3-2en01,6841-42a3b948-ba63-4fe5-8492-cada7868465f,0.7120000000000001,879
2en01,2015-01-25-18-46-55-823_8_3-2en01_895010825479,563.0,87.36262591177493,5,3-2en01,6486-c0c31169-4698-4fbb-8305-ac28df787feb,0.688,1353
2en01,2015-01-25-18-46-55-823_8_3-2en01_895010825479,194.5,13.641194859326156,5,3-2en01,4658-dbb120fa-3cf7-4d24-82c1-3470b28e3427,0.6640000000000001,996
2en01,2015-01-25-18-52-20-636_2_3-2en01_991099545266,355.5,55.58246527777778,2,3-2en01,1518-3ee52353-3c92-47c2-8617-d7191c5639e1,0.528,24
2en01,2015-01-25-18-52-20-636_2_3-2en01_991099545266,56.5,36.53768669676971,2,3-2en01,0946-02f68c89-97d6-44e1-90bc-f9e9359f972a,0.6559999999999999,110
2en01,2015-01-25-18-53-5-684_2_1-2en01_175237568095,503.0,57.22478336221837,2,1-2en01,8426-7dd945bb-1813-47ca-a31f-298a37f2cd1b,0.76,24
2en01,2015-01-25-18-53-5-684_2_1-2en01_175237568095,204.5,23.193402777777777,2,1-2en01,6259-f61c38b5-5beb-4c78-9812-d4da37b110d5,0.616,113
2en01,2015-01-25-18-54-20-14_4_0-2en01_828972174320,188.5,31.230055193176117,3,0-2en01,8736-79b4fbd3-74a2-4d26-9b86-94583eef0f87,0.4390772316950852,44
2en01,2015-01-25-18-54-20-14_4_0-2en01_828972174320,331.0,34.92552083333333,3,0-2en01,9532-af43058e-7733-46bc-83f4-5f7af122bdff,0.8240000000000001,355
2en01,2015-01-25-18-54-20-14_4_0-2en01_828972174320,145.0,47.88767361111111,3,0-2en01,4113-4bd87eaf-fda6-4bdf-8bf6-467b1368d1c7,0.64,24
2en01,2015-01-25-19-11-21-534_2_3-2en01_619835513643,200.5,29.84982638888889,1,3-2en01,6028-f0253f35-fc10-422d-b666-9896d25fa737,0.6799999999999999,24
2en01,2015-01-25-19-12-43-820_2_0-2en01_946871289983,223.5,39.86366794025703,2,0-2en01,9310-856b40ca-1593-4210-ab89-c8dc501a6b02,0.6319999999999999,648
2en01,2015-01-25-19-12-43-820_2_0-2en01_946871289983,1437.5,52.28420138888889,2,0-2en01,6262-edda197c-089e-4363-a4e4-1ffc3c28e1f2,0.688,24
2en01,2015-01-25-19-16-17-779_4_2-2en01_942120737163,118.5,26.98090277777778,1,2-2en01,3356-63e40480-da1e-47a9-ad4f-664fa29f54d1,0.696,2411
2en01,2015-01-25-19-25-51-870_2_2-2en01_109513487666,1495.0,42.90324267782427,1,2-2en01,7653-c8c814da-7969-4e45-bd59-3885e4a69bfe,0.704,2412
2en01,2015-01-25-19-52-58-674_4_3-2en01_637902953196,230.0,33.62973254602292,1,3-2en01,0389-9fc8edaf-c51f-4b98-9350-573daae4eeb4,0.8239999999999998,2412
2en01,2015-01-25-19-6-12-797_8_0-2en01_162510242313,883.5,39.17256944444444,2,0-2en01,7683-60aa2e79-f025-4fed-903f-0b4a4abccdf1,0.808,678
2en01,2015-01-25-19-6-12-797_8_0-2en01_162510242313,205.5,58.99565972222222,2,0-2en01,8542-90c8bdb9-97af-4ad9-b6f2-da83e06de447,0.616,518
2en01,2015-01-25-21-29-51-512_1_2-2en01_902578049106,268.5,29.346648141715875,1,2-2en01,8651-df779c8e-87fd-415d-97cf-0e295097fa88,0.5920000000000001,23
2en01,2015-01-25-21-30-56-843_2_3-2en01_993517954368,356.0,49.997569444444444,2,3-2en01,5356-a0580863-d85b-4760-8756-2cf7ce7eb37b,0.616,24
2en01,2015-01-25-21-30-56-843_2_3-2en01_993517954368,150.5,44.679340277777776,2,3-2en01,3587-6b2b048c-6ac3-4427-925a-e4089ccc3d78,0.5279999999999999,174
2en01,2015-01-25-21-31-29-477_4_3-2en01_483112360350,223.0,81.32424452935047,3,3-2en01,7793-d10372d1-f529-4777-b05e-17e44153f385,0.5920000000000001,1053
2en01,2015-01-25-21-31-29-477_4_3-2en01_483112360350,308.0,32.16012504341786,3,3-2en01,9103-9de2db9e-5740-49ac-a592-add1d2088254,0.6,402
2en01,2015-01-25-21-31-29-477_4_3-2en01_483112360350,576.5,57.788120875303925,3,3-2en01,7358-699732a0-f38a-4dfe-925d-bc49e2acfdf6,0.576,23
2en01,2015-01-25-21-35-0-302_2_1-2en01_813070790143,527.5,51.20354289683918,2,1-2en01,6882-ef8661d6-74cd-4c31-a791-f807ad40a82f,0.744,99
2en01,2015-01-25-21-35-0-302_2_1-2en01_813070790143,94.0,47.110416666666666,2,1-2en01,6855-226a2208-9cca-457a-b129-ad2157be75ea,0.7759999999999999,24
2en01,2015-01-25-21-37-9-713_8_3-2en01_33100416185,84.5,18.4633553317124,3,3-2en01,5187-4dba1e65-23cd-442c-b541-0ee88de46a3f,0.5840000000000001,2389
2en01,2015-01-25-21-37-9-713_8_3-2en01_33100416185,1922.0,202.61558486636585,3,3-2en01,5035-0861f4fb-357e-471c-ac2d-7d53d4137fd0,0.368,604
2en01,2015-01-25-21-37-9-713_8_3-2en01_33100416185,253.5,34.98593261549149,3,3-2en01,2508-51c6fd09-5fbe-4ec9-aa9e-57f212fc4ddf,0.6799999999999999,228
2en01,2015-01-25-21-42-33-184_4_0-2en01_265375681454,311.5,49.05902777777778,3,0-2en01,9121-e82fd610-fdb5-4208-9207-543c90839027,0.7039999999999998,264
2en01,2015-01-25-21-42-33-184_4_0-2en01_265375681454,282.0,38.62274305555555,3,0-2en01,4466-d75cf0b5-6c64-45c4-9111-35232a7ba34d,0.768,777
2en01,2015-01-25-21-42-33-184_4_0-2en01_265375681454,235.5,33.236111111111114,3,0-2en01,4048-32541d81-63b4-40ca-b16e-ed0ff07b3fde,0.648,1928
2en01,2015-01-25-21-47-11-248_1_0-2en01_745943353511,279.5,35.85046891281695,1,0-2en01,1249-05873806-fcf6-481b-a533-c8aea778a73f,0.568,23
2en01,2015-01-25-21-48-30-775_2_0-2en01_226417259080,559.0,55.27405349079542,2,0-2en01,9157-e2427518-5622-4e0f-b922-6064fd6949f1,0.45599999999999996,103
2en01,2015-01-25-21-48-30-775_2_0-2en01_226417259080,253.5,41.289162903786035,2,0-2en01,4783-3490a07b-5fb1-4f9c-8e0a-cc00b0b52486,0.272,23
2en01,2015-01-25-21-49-55-772_8_2-2en01_295109785161,513.0,27.16359847169156,2,2-2en01,9493-b8dc7afe-4b6f-4675-88d8-02f39f0f2bf2,0.6639999999999999,2398
2en01,2015-01-25-21-49-55-772_8_2-2en01_295109785161,364.5,75.04760250173732,2,2-2en01,7734-17699e50-0030-4714-90bf-9b1c114b4f3e,0.6080000000000001,997
2en01,2015-01-25-22-3-2-576_4_2-2en01_557319858111,186.5,15.075373393539424,3,2-2en01,0562-8f3b6ed9-d38d-42ae-a183-6a2e56e07643,0.696,2127
2en01,2015-01-25-22-3-2-576_4_2-2en01_557319858111,353.5,9.74869746439736,3,2-2en01,8220-ea56c7ea-d035-4fb6-95a4-6863d763e27c,0.6799999999999999,2403
2en01,2015-01-25-22-3-2-576_4_2-2en01_557319858111,286.5,37.597429663077456,3,2-2en01,9039-0d687f8f-c701-42bc-a8cc-bad25570e5f0,0.376,1993
2en01,2015-01-25-22-36-9-934_1_0-2en01_7144034840,44.5,29.905522750955193,1,0-2en01,0707-e74252ce-b286-49ba-8095-b221e6f8008b,0.7120000000000001,23
2en01,2015-01-25-22-37-32-517_2_1-2en01_45297243865,302.0,37.27185981956974,2,1-2en01,2045-4603dae6-4141-4e83-8bc6-c02188d81c7b,0.5920000000000001,24
2en01,2015-01-25-22-37-32-517_2_1-2en01_45297243865,665.5,69.23038194444445,2,1-2en01,1545-89a02016-63d7-4e7f-8fb5-edf03b78d0e1,0.6080000000000001,740
2en01,2015-01-25-23-15-17-935_8_2-2en01_185532249044,362.5,70.1609375,1,2-2en01,3743-6082a2a8-00e9-49c0-aacc-4855afb81b15,0.72,2413
2en01,2015-01-26-1-20-35-461_4_3-2en01_290445354068,88.0,14.009725599166376,1,3-2en01,0713-21b477b6-eb04-4358-af3a-8798e9612d6a,0.544,1039
2en01,2015-01-26-1-25-47-980_2_0-2en01_16890314174,78.5,37.65508857242098,1,0-2en01,1075-3bea3727-3e24-48eb-abf5-742c7395c667,0.616,23
2en01,2015-01-26-1-26-24-306_2_2-2en01_522467543603,63.0,23.789583333333333,2,2-2en01,8125-a4ac7d78-4855-4e02-86c4-3045a7be2a95,0.7120000000000001,307
2en01,2015-01-26-1-26-24-306_2_2-2en01_522467543603,175.0,52.998958333333334,2,2-2en01,7293-59ad11c2-3df7-4363-ac9e-45d7e16dbd6a,0.6639999999999999,24
2en01,2015-01-26-1-27-17-739_2_0-2en01_623800659785,447.0,111.49305555555556,2,0-2en01,9795-34e55cb4-cc3f-4896-bf3a-1ff7909f6299,0.6639999999999999,24
2en01,2015-01-26-1-27-17-739_2_0-2en01_623800659785,38.5,25.80166724557138,2,0-2en01,6923-ec969b5a-890c-4f71-a768-186f82f277ee,0.736,96
2en01,2015-01-26-1-27-42-547_2_1-2en01_284866975387,2705.0,70.04253472222223,2,1-2en01,6390-623e3765-6eff-465e-be80-cc24713ecf05,0.704,141
2en01,2015-01-26-1-27-42-547_2_1-2en01_284866975387,45.5,25.647447030218824,2,1-2en01,7833-87de53f8-ec73-4b1e-b0fd-9ff90c4aea7b,0.8160000000000001,24
2en01,2015-01-26-1-31-53-786_8_0-2en01_479699917836,98.0,50.42462660646058,1,0-2en01,5035-bcbed37d-ac8d-4392-8752-751036a4e898,0.696,2410
2en01,2015-01-26-1-38-32-364_2_3-2en01_226956507889,73.0,25.558353594998263,2,3-2en01,7751-3d53c07e-57e9-49fb-b7b2-5864ce9c3fee,0.64,24
2en01,2015-01-26-1-38-32-364_2_3-2en01_226956507889,38.0,20.36453629732546,2,3-2en01,8785-a51530d5-58e6-4984-8750-fdea8299250c,0.6319999999999999,100
2en01,2015-01-26-1-38-53-769_1_0-2en01_332737384829,165.5,95.4419937478291,1,0-2en01,1100-80d56e83-b65b-4dd6-b6a5-52e1f2a9db6b,0.52,23
2en01,2015-01-26-1-38-8-258_1_1-2en01_671314764535,788.5,51.07589440778048,1,1-2en01,2754-c833a475-ee25-445e-8b2c-125e996f3b66,0.5599999999999999,23
2en01,2015-01-26-1-39-40-379_8_0-2en01_460978702176,106.5,25.230555555555554,3,0-2en01,6184-da0a6d47-63e8-4401-9be0-24974aeb271d,0.648,1680
2en01,2015-01-26-1-39-40-379_8_0-2en01_460978702176,165.0,20.28767361111111,3,0-2en01,9829-b13fba64-8112-4e24-8f70-facdade70203,0.792,2079
2en01,2015-01-26-1-39-40-379_8_0-2en01_460978702176,206.5,58.61649305555556,3,0-2en01,6375-d1618507-cf0f-47dd-ae4d-8d72aabc2f1e,0.704,2395
2en01,2015-01-26-1-45-55-839_4_0-2en01_79617897048,444.0,65.51441472733588,2,0-2en01,4220-eb3408ec-5632-471f-829c-25f532bffc60,0.6239999999999999,1933
2en01,2015-01-26-1-45-55-839_4_0-2en01_79617897048,264.5,38.76493055555556,2,0-2en01,9046-c91c4593-12c0-4963-a20e-6f82ad89c9ac,0.704,53
2en01,2015-01-26-1-55-56-300_4_1-2en01_686825313605,196.0,53.308506944444446,2,1-2en01,2212-a36a679e-b554-41c7-aab8-d437b98531b6,0.632,1754
2en01,2015-01-26-1-55-56-300_4_1-2en01_686825313605,54.0,25.409895833333334,2,1-2en01,7922-8a784572-2e05-4f1a-b9e0-065b502a2848,0.696,2102
2en01,2015-01-26-2-3-11-540_4_1-2en01_124613812891,135.5,38.766666666666666,1,1-2en01,2341-3424b088-078a-4585-abc3-41710b7b9ad6,0.6080000000000001,2411
2en01,2015-01-26-2-34-37-59_2_2-2en01_684079647297,28.0,19.965265717262938,1,2-2en01,8890-a8100858-f13c-4114-bd5c-3dbb73a56623,0.4,1613
2en01,2015-01-26-12-28-36-889_8_0-2en01_546892127487,170.5,41.4810698159083,5,0-2en01,9553-33405ab4-57cf-4192-8761-8b33a8b6edb4,0.72,355
2en01,2015-01-26-12-28-36-889_8_0-2en01_546892127487,1104.5,48.64895833333333,5,0-2en01,0780-b9adc10d-0c44-4f4b-91e1-cabeb06a6504,0.5680000000000001,2290
2en01,2015-01-26-12-28-36-889_8_0-2en01_546892127487,577.5,75.14275790204933,5,0-2en01,4677-f850e948-ca64-435a-9162-5da3e0a3ca27,0.8,1890
2en01,2015-01-26-12-28-36-889_8_0-2en01_546892127487,217.5,33.07048611111111,5,0-2en01,0582-75f07b5e-4b9e-42f4-bc03-498378333bba,0.64,1077
2en01,2015-01-26-12-28-36-889_8_0-2en01_546892127487,321.5,47.97986111111111,5,0-2en01,1770-5f3f7734-5e7e-42eb-b037-158f88023683,0.6479999999999999,1337
2en01,2015-01-26-12-34-38-16_8_3-2en01_510476996190,155.0,37.53854166666667,2,3-2en01,4553-12140a34-317f-461a-8272-3a7b6e8bfe19,0.6319999999999999,211
2en01,2015-01-26-12-34-38-16_8_3-2en01_510476996190,167.5,58.02899305555555,2,3-2en01,0245-f7b9b2f0-2014-4c00-9685-fb0e57d35a89,0.64,2032
2en01,2015-01-26-12-39-51-585_1_2-2en01_841411664383,250.5,44.25981243487322,1,2-2en01,4027-394bfec5-e368-4f88-b027-145fae4d0f62,0.704,23
2en01,2015-01-26-12-45-12-582_8_1-2en01_616531819105,170.0,52.65416666666667,2,1-2en01,7582-3b6474c3-fa2e-453a-a098-74eed4ad6ef0,0.648,794
2en01,2015-01-26-12-45-12-582_8_1-2en01_616531819105,32.0,23.14362625911775,2,1-2en01,3301-a27ee2c7-c306-42f0-a848-22352bf9a1b2,0.728,79
2en01,2015-01-26-12-51-24-668_4_3-2en01_265672228997,157.5,5.165856200069468,3,3-2en01,7999-8dde1233-2cdd-42b6-a609-b7c9aacf4504,0.7999999999999999,1504
2en01,2015-01-26-12-51-24-668_4_3-2en01_265672228997,356.0,20.903438693990967,3,3-2en01,3981-6573b791-38df-4e07-b38d-060eca9d2657,0.72,83
2en01,2015-01-26-12-51-24-668_4_3-2en01_265672228997,176.0,25.329281000347343,3,3-2en01,3726-f6766b39-5dec-4469-a304-7c3d01777d13,0.6319999999999999,646
2en01,2015-01-26-12-55-59-502_1_0-2en01_453133110422,320.0,56.27777777777778,1,0-2en01,5800-a6d51b62-8803-4ecc-89c2-d0dcdc6a17b5,0.6799999999999999,23
2en01,2015-01-26-12-57-5-76_4_0-2en01_102395136142,89.5,16.93576388888889,2,0-2en01,2002-5002b13a-8c9c-4514-9a1b-a72c61c3ec70,0.6639999999999999,2400
2en01,2015-01-26-12-57-5-76_4_0-2en01_102395136142,123.0,35.9640625,2,0-2en01,7886-e34533cc-b18c-44eb-b81a-a459e459f0af,0.5279999999999999,159
2en01,2015-01-26-13-31-17-14_8_0-2en01_373330916743,148.0,44.93556790552275,1,0-2en01,5839-d480e111-d42d-43df-aef4-3e865ae604ec,0.704,2412
2en01,2015-01-26-13-57-23-216_1_0-2en01_340366469230,118.5,92.09638763459535,1,0-2en01,3080-9d1513e2-ac06-4f2d-9a0d-762ab455ee74,0.736,23
2en01,2015-01-26-13-6-41-308_4_0-2en01_563489633612,221.0,46.62829861111111,1,0-2en01,3085-c2cef146-86e6-42b1-a019-6447b9f55ca2,0.52,2408
2en01,2015-01-26-18-27-37-42_8_2-2en01_390403241617,267.0,37.18096561306009,5,2-2en01,2876-f97ea980-f940-464b-88b5-badd4640ce57,0.568,685
2en01,2015-01-26-18-27-37-42_8_2-2en01_390403241617,83.0,45.907291666666666,5,2-2en01,0122-6f1e7612-180d-4d69-8790-44f256e777ac,0.672,830
2en01,2015-01-26-18-27-37-42_8_2-2en01_390403241617,319.0,38.12048611111111,5,2-2en01,0465-2d310b49-34a4-44d5-b531-20d3fe363a0d,0.696,879
2en01,2015-01-26-18-27-37-42_8_2-2en01_390403241617,250.0,41.89527613754776,5,2-2en01,8498-3f2c76b7-d438-4f1c-b9d7-43dec09e62d2,0.72,23
2en01,2015-01-26-18-27-37-42_8_2-2en01_390403241617,668.5,54.5628254078445,5,2-2en01,4535-cae10e80-9777-4622-a5d2-6ea5f1bc02fa,0.45599999999999996,621
2en01,2015-01-26-18-29-31-323_4_1-2en01_330250806175,508.0,30.728392919125305,4,1-2en01,2356-f05dfac2-15f6-476c-b6f9-27739f6aba33,0.512,42
2en01,2015-01-26-18-29-31-323_4_1-2en01_330250806175,130.0,9.082493921500522,4,1-2en01,7612-b6428582-7dff-4dfc-8bcd-f4036695df75,0.584,24
2en01,2015-01-26-18-29-31-323_4_1-2en01_330250806175,1202.5,74.02049322681486,4,1-2en01,0585-2aa68765-bbf4-459c-8126-f5f407b1791c,0.6639999999999999,199
2en01,2015-01-26-18-29-31-323_4_1-2en01_330250806175,164.5,10.995831886071553,4,1-2en01,8730-e23ab1aa-22f5-451a-aa82-ea8eae30977b,0.768,300
2en01,2015-01-26-18-30-14-457_4_1-2en01_563063794746,403.5,70.58579367836055,3,1-2en01,4873-16757d71-6add-4e42-9f4b-edab9fbc130f,0.6639999999999999,671
2en01,2015-01-26-18-30-14-457_4_1-2en01_563063794746,60.5,11.624522403612366,3,1-2en01,4609-6c3acce1-ce42-4c16-9f96-6357bd331e7a,0.6719999999999999,95
2en01,2015-01-26-18-30-14-457_4_1-2en01_563063794746,172.5,56.42775269190691,3,1-2en01,7303-e6b5b4e5-b661-4314-8d6e-ca88652d3404,0.792,23
2en01,2015-01-26-18-32-24-628_4_1-2en01_62834353884,264.5,66.85076441973592,3,1-2en01,4791-f9e8da9b-aa8b-4091-bffd-6eb9ffde21ae,0.496,345
2en01,2015-01-26-18-32-24-628_4_1-2en01_62834353884,102.5,26.303056616880863,3,1-2en01,4640-2b79e5c5-b166-4e80-8e4f-4726b0968225,0.6559999999999999,35
2en01,2015-01-26-18-32-24-628_4_1-2en01_62834353884,391.5,24.993053143452588,3,1-2en01,1121-5c30591e-ba1e-49b8-aa53-5e5d8c88dd49,0.8,2381
2en01,2015-01-26-18-40-7-36_4_2-2en01_528503514360,5750.0,175.69587092297016,1,2-2en01,3250-846c3cb8-23c4-453f-adfc-e6968a1ba0aa,0.6559999999999999,2291
2en01,2015-01-26-18-50-48-369_4_2-2en01_408396919025,625.0,64.63173444560306,1,2-2en01,0352-ac93ea3d-6c9d-49fc-932f-63d070075bfa,0.632,797
2en01,2015-01-26-19-1-3-50_8_0-2en01_839818577980,48.0,28.36488364015283,1,0-2en01,0956-21b031da-ef4e-4993-a88a-107c61890b3d,0.52,2413
2en01,2015-01-26-19-13-22-165_8_0-2en01_476911404868,145.0,20.651441472733588,1,0-2en01,9624-b7429a2e-4d6a-4033-9b6f-5f6c49997f37,0.6160000000000001,2414
2en01,2015-01-26-21-11-12-955_8_3-2en01_868278773501,4995.0,109.47125043297541,2,3-2en01,9735-94a261e3-8362-4a88-8f5c-80296540d626,0.64,346
2en01,2015-01-26-21-11-12-955_8_3-2en01_868278773501,250.5,20.080409864536296,2,3-2en01,3448-f307316b-bce5-4c08-b376-39a5153cd19d,0.5439999999999999,1819
2en01,2015-01-26-21-16-13-861_8_2-2en01_641672967234,182.5,53.19746439736019,3,2-2en01,0351-0d688eca-8959-4619-83a2-50e93e9507ea,0.696,125
2en01,2015-01-26-21-16-13-861_8_2-2en01_641672967234,174.5,22.436436262591176,3,2-2en01,0280-1cdf95a5-4618-4148-8d89-404683a5e2cc,0.792,2405
2en01,2015-01-26-21-16-13-861_8_2-2en01_641672967234,175.5,36.588225078152135,3,2-2en01,2604-6a588e33-59ce-486d-88c3-464bb5ed4a0c,0.744,1775
2en01,2015-01-26-21-7-25-353_8_3-2en01_787344504147,447.5,36.56877387981938,3,3-2en01,6333-81791db9-a8d4-4676-9139-9984bd77aba9,0.5599999999999999,625
2en01,2015-01-26-21-7-25-353_8_3-2en01_787344504147,489.5,43.287078846821814,3,3-2en01,1741-fc3eb756-8613-4c2b-8596-10c5ae063806,0.6080000000000001,23
2en01,2015-01-26-21-7-25-353_8_3-2en01_787344504147,295.5,63.664119485932616,3,3-2en01,5755-bc1493f5-c0ed-47bd-b97c-b0232828cf70,0.48,84
2en01,2015-01-26-22-42-58-788_5_0-2en01_297649328364,107.5,21.51250434178534,5,0-2en01,0844-4218c129-7dc9-49be-9095-10158769e7b1,0.696,162
2en01,2015-01-26-22-42-58-788_5_0-2en01_297649328364,218.5,32.8593261549149,5,0-2en01,9090-e1c1dcec-d9f9-4914-b7ed-d5490a641bfd,0.696,24
2en01,2015-01-26-22-42-58-788_5_0-2en01_297649328364,4236.0,119.93802083333334,5,0-2en01,2043-a757eec4-d3d8-43d1-a04e-8460399b9937,0.42400000000000004,474
2en01,2015-01-26-22-42-58-788_5_0-2en01_297649328364,77.0,9.24209795067732,5,0-2en01,9125-67416a2d-caab-47f7-a1ef-921d367b1917,0.6,639
2en01,2015-01-26-22-42-58-788_5_0-2en01_297649328364,605.0,65.44947916666666,5,0-2en01,1080-75f77e44-86cf-4e96-9416-587aa6de2532,0.688,322
2en01,2015-01-26-22-44-39-515_5_3-2en01_106012343429,64.0,17.968923611111112,4,3-2en01,4223-6fa09aca-e26f-439e-b0af-86db4075919f,0.5519999999999999,2183
2en01,2015-01-26-22-44-39-515_5_3-2en01_106012343429,151.5,82.44010416666667,4,3-2en01,6620-42721a9b-f61b-4298-bc64-9671cdf66908,0.40800000000000003,2065
2en01,2015-01-26-22-44-39-515_5_3-2en01_106012343429,3103.0,53.821527777777774,4,3-2en01,5989-093e598c-f7d2-4d94-9820-49f08ce4fd31,0.6,1057
2en01,2015-01-26-22-44-39-515_5_3-2en01_106012343429,207.0,24.061805555555555,4,3-2en01,7719-0247d11a-50dc-49e4-bcd4-13b39ab30db4,0.584,1971
2en01,2015-01-26-22-50-7-673_5_1-2en01_859466790221,291.5,66.29194164640501,2,1-2en01,2794-b6f67d9c-a546-4325-813d-a63896604228,0.76,2389
2en01,2015-01-26-22-50-7-673_5_1-2en01_859466790221,486.5,63.37460978147763,2,1-2en01,4568-99ba357a-4c37-4bdf-a4e0-c5fa9db042da,0.496,1588
2en01,2015-01-26-22-59-25-701_5_1-2en01_431026292266,288.5,66.21163194444445,1,1-2en01,2902-911d1d92-f2cc-45e4-a622-e1dfac84fada,0.512,2412
2en01,2015-01-26-23-19-26-925_5_1-2en01_623635699972,243.0,37.40486111111111,5,1-2en01,7804-b6d3d1d7-95b8-41ea-be0d-41616b71ccef,0.7759999999999999,205
2en01,2015-01-26-23-19-26-925_5_1-2en01_623635699972,73.0,23.40847516498784,5,1-2en01,7134-1623cb40-1283-4a8f-9732-90cd40119b9a,0.712,1055
2en01,2015-01-26-23-19-26-925_5_1-2en01_623635699972,583.5,41.28454861111111,5,1-2en01,3427-09c28900-e9e9-447c-8909-f1f9a1c91444,0.808,24
2en01,2015-01-26-23-19-26-925_5_1-2en01_623635699972,355.0,49.40371024734982,5,1-2en01,4847-afe506aa-50d6-4a33-a1d3-18ac703a0bb2,0.7228634555899249,516
2en01,2015-01-26-23-19-26-925_5_1-2en01_623635699972,458.0,8.0307398402223,5,1-2en01,3238-93243dc4-b8c6-455a-91df-06d90c09f510,0.8399999999999999,498
2en01,2015-01-26-23-23-30-391_5_3-2en01_114391630981,105.0,23.137721431052448,4,3-2en01,0026-ddfa77b0-66d6-408c-ab09-793108e500f8,0.744,2337
2en01,2015-01-26-23-23-30-391_5_3-2en01_114391630981,113.5,19.55852726641195,4,3-2en01,5637-7dd408af-1f44-4f62-8b3b-401147cf49cf,0.76,2392
2en01,2015-01-26-23-23-30-391_5_3-2en01_114391630981,353.0,48.84143799930531,4,3-2en01,8537-4ddffb7a-cf38-4558-b71f-d6af8330f006,0.4,1774
2en01,2015-01-26-23-23-30-391_5_3-2en01_114391630981,715.0,57.63997915943036,4,3-2en01,4659-57e639be-757d-4457-a34f-88c12e0ccbe1,0.6799999999999999,2164
2en01,2015-01-26-23-32-5-894_5_2-2en01_582171098096,663.5,52.48350694444444,4,2-2en01,9477-caa9cb5f-b936-4cac-bac9-043d11c67faf,0.6719999999999999,23
2en01,2015-01-26-23-32-5-894_5_2-2en01_582171098096,801.5,54.64513888888889,4,2-2en01,7769-891de611-cf4b-4c05-bd62-290971b0152f,0.6080000000000001,1098
2en01,2015-01-26-23-32-5-894_5_2-2en01_582171098096,624.5,85.52796109760334,4,2-2en01,4014-5432103d-f306-4e68-abb9-8f129ceca915,0.76,1229
2en01,2015-01-26-23-32-5-894_5_2-2en01_582171098096,356.0,51.765196248697464,4,2-2en01,5493-06a10a71-cba2-4df3-afb4-1596e0bc9912,0.488,144
2en01,2015-01-26-23-34-56-205_5_1-2en01_267702728742,698.5,87.54671761028135,5,1-2en01,6623-01c5ef3a-d07a-403f-9102-48155b38505f,0.688,175
2en01,2015-01-26-23-34-56-205_5_1-2en01_267702728742,291.0,32.74800277874262,5,1-2en01,0843-1092a0a6-ddd4-4024-9e65-afd114987254,0.64,24
2en01,2015-01-26-23-34-56-205_5_1-2en01_267702728742,76.5,26.764583333333334,5,1-2en01,4568-6c6410bd-b3b8-491e-9f89-853078eb09d7,0.8879999999999999,345
2en01,2015-01-26-23-34-56-205_5_1-2en01_267702728742,69.0,49.208506944444444,5,1-2en01,5713-6d886a2f-cf83-4b0d-86e9-dda5a8c462c6,0.696,762
2en01,2015-01-26-23-34-56-205_5_1-2en01_267702728742,206.0,22.424973949287946,5,1-2en01,6762-8b4943c3-ed5f-447e-bbcc-c936be58f173,0.8480000000000001,129
2en01,2015-01-26-23-36-30-144_5_3-2en01_486611582571,1042.5,80.19774305555555,3,3-2en01,2858-5486f84f-d02e-4e1d-afaa-0dc6a5dd5024,0.512,1593
2en01,2015-01-26-23-36-30-144_5_3-2en01_486611582571,545.5,34.46144494616186,3,3-2en01,9517-80f857fb-6b85-4b9b-85e9-564882cb9697,0.544,1678
2en01,2015-01-26-23-36-30-144_5_3-2en01_486611582571,303.5,34.48784722222222,3,3-2en01,5012-e9b2488c-d205-4982-86a7-5fc6cbbb3e5c,0.544,2373
2en01,2015-01-26-23-42-29-489_5_0-2en01_796066779643,205.5,92.95347222222222,2,0-2en01,2676-0335009b-5063-4260-81ce-3ad13202365e,0.7280000000000001,1733
2en01,2015-01-26-23-42-29-489_5_0-2en01_796066779643,86.5,35.38142361111111,2,0-2en01,0532-9dc7e5d4-8a3c-4bbc-81a6-76d76ff0e7bd,0.736,2405
2en01,2015-01-26-23-59-39-75_5_0-2en01_488105313852,54.0,42.26311219173324,3,0-2en01,5798-3ae32f27-f260-4a80-bb23-15ea38d5af44,0.616,243
2en01,2015-01-26-23-59-39-75_5_0-2en01_488105313852,67.5,26.663077457450505,3,0-2en01,3352-141f76eb-baef-459f-a4a2-723b5fed8bc0,0.576,328
2en01,2015-01-26-23-59-39-75_5_0-2en01_488105313852,377.0,58.31243487321987,3,0-2en01,1726-17101bc4-6c22-4506-b915-4a46ee7e2cd1,0.7120000000000001,122
2en01,2015-01-27-0-0-38-813_5_2-2en01_322522447910,298.0,57.54826388888889,3,2-2en01,3847-e446c463-9e4e-49fe-8db4-de723dbf1fd4,0.6559999999999999,616
2en01,2015-01-27-0-0-38-813_5_2-2en01_322522447910,289.5,39.404761904761905,3,2-2en01,0529-f66e4990-56e5-422f-8feb-e91ac55a9866,0.64,810
2en01,2015-01-27-0-0-38-813_5_2-2en01_322522447910,216.5,50.40434027777778,3,2-2en01,1522-7cbb0740-a693-406f-8570-1cc69143bce3,0.64,24
2en01,2015-01-27-0-2-30-523_5_2-2en01_712782695656,124.5,63.04322916666667,5,2-2en01,3693-466a60d6-e5e5-49da-9a27-9a4920d59028,0.648,2216
2en01,2015-01-27-0-2-30-523_5_2-2en01_712782695656,353.5,19.986458333333335,5,2-2en01,0022-0b9569c2-36e5-455c-baf6-21babc31b132,0.8,2366
2en01,2015-01-27-0-2-30-523_5_2-2en01_712782695656,207.0,48.682118055555556,5,2-2en01,4341-ac5aedaa-d234-4574-b90f-2495d7207a39,0.616,1763
2en01,2015-01-27-0-2-30-523_5_2-2en01_712782695656,159.5,62.836979166666666,5,2-2en01,6695-99cf75fa-5faa-49d6-baa2-1a959adaaffb,0.5920000000000001,24
2en01,2015-01-27-0-2-30-523_5_2-2en01_712782695656,5633.5,134.10260416666668,5,2-2en01,0636-c8b5774b-bd0f-47c0-9eb1-c43b87117610,0.688,1545
2en01,2015-01-27-0-8-20-603_5_3-2en01_609295875998,761.5,50.58940972222222,2,3-2en01,6600-ac8a75fd-b11a-4082-ad09-398e649428f3,0.8160000000000001,1039
2en01,2015-01-27-0-8-20-603_5_3-2en01_609295875998,122.0,48.128819444444446,2,3-2en01,3438-f14544df-579d-4056-aff2-71a95c86e517,0.8080000000000002,2396
2en01,2015-01-27-0-54-52-554_4_2-2en01_201184344477,29.0,10.238798193817297,4,2-2en01,8373-8e45346e-13ee-498e-bf95-3a708f931629,0.6799999999999999,446
2en01,2015-01-27-0-54-52-554_4_2-2en01_201184344477,381.0,35.150868055555556,4,2-2en01,5589-b55462cd-2349-4aee-823d-89e6f8d99e2d,0.696,829
2en01,2015-01-27-0-54-52-554_4_2-2en01_201184344477,177.5,13.379993053143453,4,2-2en01,7668-dfaacd7a-af34-4e11-bc16-4d6ab3724884,0.7520000000000002,734
2en01,2015-01-27-0-54-52-554_4_2-2en01_201184344477,49.0,24.539756944444445,4,2-2en01,5513-f01704de-faaf-4f23-b5a8-bca6987a8a91,0.6719999999999999,24
2en01,2015-01-27-0-57-6-847_4_1-2en01_650002463022,113.0,23.914379993053142,3,1-2en01,1457-6e8474b2-d5e8-4a1c-8e16-4b6fc1b6672e,0.6639999999999999,24
2en01,2015-01-27-0-57-6-847_4_1-2en01_650002463022,225.0,68.80208333333333,3,1-2en01,6847-b2c77466-3fbc-4fc8-9129-6ef0df8f9245,0.6799999999999999,215
2en01,2015-01-27-0-57-6-847_4_1-2en01_650002463022,129.0,27.76936436262591,3,1-2en01,6746-b62233ef-0831-4982-9484-717c788d3467,0.6239999999999999,308
2en01,2015-01-27-1-7-50-542_4_2-2en01_257484841626,150.5,12.164987843001041,1,2-2en01,2779-8c4a41f0-1445-48a5-b287-48c24648e9cc,0.776,2412
2en01,2015-01-27-17-55-30-471_1_1-2en01_853664191905,527.0,43.761541131551546,1,1-2en01,1418-e1eb291c-a728-453e-bbda-92be36f81dab,0.696,23
2en01,2015-01-27-17-56-22-99_6_3-2en01_238828877452,85.5,41.59725599166377,2,3-2en01,6583-307cd4bb-5fe9-434c-8f42-68fea7914691,0.7040000000000001,1765
2en01,2015-01-27-17-56-22-99_6_3-2en01_238828877452,355.5,61.619659604029174,2,3-2en01,3207-b7a83cf0-9156-4986-ab40-315128fbfa4e,0.768,1319
2en01,2015-01-27-18-10-16-907_1_2-2en01_263597493525,88.0,32.59169850642584,1,2-2en01,4042-f01fbb82-685c-4b2b-840d-720da5702503,0.784,23
2en01,2015-01-27-18-11-30-157_1_0-2en01_372752994764,138.0,25.740708579367837,1,0-2en01,2880-943fc014-85db-49ff-a774-0f052a6fa64d,0.6639999999999999,23
2en01,2015-01-27-18-11-33-613_1_0-2en01_607739331433,150.5,49.688954498089615,1,0-2en01,6248-f8ae2066-3ada-4234-a77d-447bf26bce70,0.736,23
2en01,2015-01-27-18-14-44-62_1_0-2en01_161587280919,297.0,32.55244876693296,1,0-2en01,0531-9c5d8aa8-3bc0-4c1a-8de1-cee872193f59,0.44799999999999995,23
2en01,2015-01-27-18-15-42-161_1_1-2en01_449492258718,93.0,9.614102118791246,1,1-2en01,8571-b53cbb29-2588-4f91-933d-9489ce49464c,0.8240000000000001,23
2en01,2015-01-27-18-19-34-192_6_1-2en01_16515341121,362.5,60.881597222222226,2,1-2en01,8825-efa453f6-1ac4-4c51-a579-e09e5bb9beda,0.3680000000000001,2408
2en01,2015-01-27-18-19-34-192_6_1-2en01_16515341121,409.5,59.096875,2,1-2en01,8874-89b8784c-1483-491b-8cf4-11db50c586fc,0.528,377
2en01,2015-01-27-18-25-4-473_1_2-2en01_455136267002,460.5,22.56022214508851,1,2-2en01,3185-f7057245-5c5b-40bd-8146-d2fff5d8206a,0.6239999999999999,23
2en01,2015-01-27-18-26-1-539_6_3-2en01_828393574571,371.0,31.25954861111111,2,3-2en01,6598-d0c90d01-a279-4cce-8851-10c07513efe2,0.6799999999999999,76
2en01,2015-01-27-18-26-1-539_6_3-2en01_828393574571,534.0,43.30017361111111,2,3-2en01,1752-8436ba65-06b8-43bd-bf0f-2e0deba6480c,0.768,1450
2en01,2015-01-27-18-31-56-906_1_2-2en01_356003324734,368.0,30.810698159083014,1,2-2en01,2049-efe2cd11-0391-4158-9390-80a98d380ed3,0.76,23
2en01,2015-01-27-18-36-13-355_1_0-2en01_760579089634,173.5,48.383292810003475,1,0-2en01,4464-722ec947-44d1-486c-bcfc-cd5c94bb3302,0.5920000000000001,23
2en01,2015-01-27-18-38-38-620_1_2-2en01_881138406926,95.0,45.359847169155955,1,2-2en01,3473-16acbc37-1c45-48d5-95c7-23bab6cbede7,0.728,23
2en01,2015-01-27-18-38-58-40_1_2-2en01_202768518356,625.0,63.385416666666664,1,2-2en01,5673-542f1e42-fe28-4ea0-9465-7deddcb2d597,0.744,23
2en01,2015-01-27-18-38-7-820_1_0-2en01_497017367044,75.5,25.61184439041334,1,0-2en01,0730-523b2053-197d-4183-8a33-33f4431e3d77,0.736,23
2en01,2015-01-27-18-39-26-625_1_3-2en01_217017526738,499.5,60.58388329281,1,3-2en01,2827-cf4b965b-9cdb-4b5b-b61f-a6a66ced7b1e,0.6239999999999999,23
2en01,2015-01-27-18-39-36-360_6_1-2en01_548101342748,350.0,29.325460229246268,4,1-2en01,1645-1fe0e785-3263-452d-8648-7566e4ae4e98,0.8239999999999998,439
2en01,2015-01-27-18-39-36-360_6_1-2en01_548101342748,470.5,31.610802361931228,4,1-2en01,4348-3f58a65f-dfb5-49d6-93d1-e1631702e8db,0.8400000000000001,1203
2en01,2015-01-27-18-39-36-360_6_1-2en01_548101342748,152.5,19.507294199374783,4,1-2en01,2025-5d852fea-1adc-4de2-9573-9aae668bf8f8,0.7759999999999999,646
2en01,2015-01-27-18-39-36-360_6_1-2en01_548101342748,128.0,26.033506944444444,4,1-2en01,5308-240bf628-6f39-49ee-ae5e-e7a6cb9eb1c0,0.8480000000000001,1748
2en01,2015-01-27-18-54-19-227_1_1-2en01_358143325196,881.5,85.49722222222222,1,1-2en01,8021-418995b0-cd5d-42f1-bb05-f7aa09216070,0.6639999999999999,23
2en01,2015-01-27-18-57-33-770_1_0-2en01_938236534828,364.0,97.62990621743661,1,0-2en01,9669-ea1c8ea9-07a8-4541-8790-652b865a5382,0.376,23
2en01,2015-01-27-18-9-16-240_1_3-2en01_700161367654,208.5,25.42271622091004,1,3-2en01,5943-6ea85b0d-f146-48c2-95e4-efd7b120b8f9,0.8320000000000001,23
2en01,2015-01-27-19-18-3-926_1_2-2en01_575412138830,1027.5,26.739145536644667,1,2-2en01,7897-b88d5da2-7f3a-4793-959d-c157b1297957,0.6479999999999999,23
2en01,2015-01-27-19-8-42-20_1_3-2en01_949257129337,526.5,39.59520500347463,1,3-2en01,7634-14ca04a0-34dc-4c80-a9c7-531594d7da13,0.736,23
2en01,2015-01-27-19-58-35-829_5_1-2en01_928616378689,345.0,45.05746527777778,5,1-2en01,9496-0a0cb45e-bee7-40ce-8f5e-8806056f2298,0.6080000000000001,925
2en01,2015-01-27-19-58-35-829_5_1-2en01_928616378689,362.5,41.3109375,5,1-2en01,0783-02e04b85-fdc8-4dee-a0b0-b16fd1b07f7c,0.7280000000000001,727
2en01,2015-01-27-19-58-35-829_5_1-2en01_928616378689,60.5,36.22239583333333,5,1-2en01,2554-d5e35cac-a6fa-4631-a680-b47c245d7af8,0.752,1157
2en01,2015-01-27-19-58-35-829_5_1-2en01_928616378689,476.0,36.64496527777778,5,1-2en01,9606-abb4a506-491e-4be6-95b2-0f20e882e01a,0.7759999999999999,24
2en01,2015-01-27-19-58-35-829_5_1-2en01_928616378689,652.5,38.11766747657064,5,1-2en01,3416-a2896d9a-1d2d-40a7-94c2-114e1468002b,0.768,130
2en01,2015-01-27-20-15-7-847_1_1-2en01_872151220450,464.5,25.341327771984705,1,1-2en01,3604-253cc2bb-5968-4148-ae44-a0ceb1da6d3f,0.6799999999999999,23
2en01,2015-01-27-20-16-55-868_1_0-2en01_586511942092,973.5,103.99496352900313,1,0-2en01,9611-7e1dad12-1cdf-4574-85dc-8e44669f3110,0.52,23
2en01,2015-01-27-20-18-17-232_5_1-2en01_807289088610,199.5,25.723341437999306,1,1-2en01,7988-e51534de-d568-431d-9cdc-f1e6c6fc3eb2,0.44800000000000006,2190
2en01,2015-01-27-20-33-12-95_1_3-2en01_47375561902,184.5,41.53351858284127,1,3-2en01,9378-160c1c74-48ce-44e0-9265-ea2c3b4f6a12,0.5519999999999999,23
2en01,2015-01-27-20-33-15-568_5_3-2en01_797237623948,465.0,23.699027440083363,4,3-2en01,3952-0d653a8d-f94e-40c1-99b5-371aa4a38c89,0.688,663
2en01,2015-01-27-20-33-15-568_5_3-2en01_797237623948,661.0,65.64079861111111,4,3-2en01,9482-d51cd0f0-3681-4e6b-b308-84c69ef6f25c,0.5439999999999999,1193
2en01,2015-01-27-20-33-15-568_5_3-2en01_797237623948,142.5,24.999131944444443,4,3-2en01,8563-0d601aef-53a0-4237-8c82-a0895222b620,0.736,2409
2en01,2015-01-27-20-33-15-568_5_3-2en01_797237623948,1037.5,26.219868009725598,4,3-2en01,7871-6fc8b6dc-d215-4434-972b-74d00125bb8b,0.6800000000000002,809
2en01,2015-01-27-20-38-41-696_5_1-2en01_33187873661,56.5,22.660819729072596,5,1-2en01,2346-713444fb-b12c-40c9-9648-78ab04661f82,0.7759999999999999,800
2en01,2015-01-27-20-38-41-696_5_1-2en01_33187873661,584.0,55.43448036148766,5,1-2en01,3650-004355f5-580a-49fe-a814-f4fb88bbe27e,0.6479999999999999,24
2en01,2015-01-27-20-38-41-696_5_1-2en01_33187873661,212.5,73.36193122612018,5,1-2en01,8814-ee266222-c351-4c4b-b13c-5a89b5ee5562,0.72,1165
2en01,2015-01-27-20-38-41-696_5_1-2en01_33187873661,478.5,88.61390429958391,5,1-2en01,8798-54400a2f-dfcf-4786-9254-6f2f5c998f22,0.6799999999999999,1254
2en01,2015-01-27-20-38-41-696_5_1-2en01_33187873661,104.5,35.190625,5,1-2en01,6447-647ad502-bda6-47b8-a7e2-fbe6211a46f0,0.6639999999999999,110
2en01,2015-01-27-20-41-17-342_1_2-2en01_301586754852,488.5,53.20902777777778,1,2-2en01,2527-0c2d3b18-0faf-49a5-b68c-67989396acdc,0.6719999999999999,23
2en01,2015-01-27-20-43-21-383_1_2-2en01_415803730022,265.5,65.93956234803751,1,2-2en01,5642-f7293b8f-acda-4e0c-a977-c960d395bb27,0.6479999999999999,23
2en01,2015-01-27-20-43-35-549_1_3-2en01_332326410571,2253.0,65.80131990274401,1,3-2en01,2709-e0a72990-ba81-445c-9a71-e1456a2c9227,0.696,23
2en01,2015-01-27-20-44-48-942_5_2-2en01_235262774396,284.5,50.21666666666667,2,2-2en01,8911-a213f7ad-be2a-4b96-81ac-c93c73fbaa2e,0.696,1426
2en01,2015-01-27-20-44-48-942_5_2-2en01_235262774396,502.5,61.79336114007647,2,2-2en01,1095-c7a5003e-09c5-4a9e-a912-4906663a4b54,0.488,2388
2en01,2015-01-27-20-5-55-379_1_2-2en01_698320821858,595.0,35.7033692254255,1,2-2en01,6450-4e849ff3-57ca-4492-b0a6-17d4711259b6,0.5599999999999999,23
2en01,2015-01-27-20-53-32-588_5_3-2en01_858993598259,293.0,51.16458333333333,3,3-2en01,4333-feebef89-4316-4d81-b248-8d25c9d43695,0.6319999999999999,106
2en01,2015-01-27-20-53-32-588_5_3-2en01_858993598259,566.0,57.02605071205279,3,3-2en01,4090-6c5c22b8-d986-4ac3-98bf-303bfef2f60f,0.512,23
2en01,2015-01-27-20-53-32-588_5_3-2en01_858993598259,43.5,23.603508162556444,3,3-2en01,0502-937772bc-fc61-40c6-b406-b6eba2e73581,0.768,192
2en01,2015-01-27-20-53-8-883_1_0-2en01_600953317945,217.0,46.49600555748524,1,0-2en01,0533-d4f1da08-a452-47c2-abfd-ffa76938d8b2,0.344,23
2en01,2015-01-27-20-53-9-905_1_2-2en01_354349857429,223.5,24.245918721778395,1,2-2en01,2817-a1ef89b6-f5b6-4984-a80f-8024e43b1964,0.6,23
2en01,2015-01-27-20-56-29-101_5_3-2en01_571973864221,232.5,23.626432789162905,2,3-2en01,2770-a8793580-ab10-444f-814b-d7669352aa42,0.736,1862
2en01,2015-01-27-20-56-29-101_5_3-2en01_571973864221,104.0,25.194859326154916,2,3-2en01,1396-237b907d-0a93-4efa-a767-19d4b8cb421b,0.752,2394
2en01,2015-01-27-20-6-58-271_1_0-2en01_885259858332,61.0,39.866446682875996,1,0-2en01,7568-8ef80641-02f1-48f7-a6db-454302c9e347,0.632,23
2en01,2015-01-27-21-16-6-578_1_0-2en01_158391961827,541.5,50.21612230715775,1,0-2en01,3193-078a39ed-96ee-4564-b1ce-50c3dc002627,0.488,23
2en01,2015-01-27-21-20-19-827_1_1-2en01_387784437509,649.0,63.66267776621575,1,1-2en01,3451-5c3ef6df-17ad-4cb0-a699-4e182ff67478,0.488,23
2en01,2015-01-27-21-20-53-924_1_0-2en01_248976448783,70.0,48.0934352205627,1,0-2en01,9788-f11be5c7-f7d9-4620-8725-15995a0684ae,0.616,23
2en01,2015-01-27-21-21-34-204_5_3-2en01_400683445157,62.5,34.417332407085794,4,3-2en01,3571-9d9301b1-7a80-4b0b-b4e7-e96449f00c94,0.6640000000000001,377
2en01,2015-01-27-21-21-34-204_5_3-2en01_400683445157,278.5,20.993226814866272,4,3-2en01,8598-9219fdda-adeb-48f0-b6d1-bd58285f343c,0.584,261
2en01,2015-01-27-21-21-34-204_5_3-2en01_400683445157,167.0,22.28898923237235,4,3-2en01,2890-1bab7dce-b595-48f1-9066-40f7fdaee438,0.5439999999999999,23
2en01,2015-01-27-21-21-34-204_5_3-2en01_400683445157,45.0,26.095345606113234,4,3-2en01,0722-fd94f117-8864-47a7-a8f5-480d624ab09a,0.7839999999999999,675
2en01,2015-01-27-21-23-0-973_5_2-2en01_252279326552,599.0,49.40538194444444,4,2-2en01,9952-96145ea7-0c3e-4f5e-8b20-5bcac256dc1e,0.728,24
2en01,2015-01-27-21-23-0-973_5_2-2en01_252279326552,200.0,68.428125,4,2-2en01,4519-3e506794-dff4-4a3b-b7ed-c2dd81c3688f,0.504,188
2en01,2015-01-27-21-23-0-973_5_2-2en01_252279326552,482.0,73.2257728377909,4,2-2en01,0334-c69de161-a35b-4c00-8caa-8df86d44ba2a,0.6319999999999999,159
2en01,2015-01-27-21-23-0-973_5_2-2en01_252279326552,193.5,26.6671875,4,2-2en01,1283-2ba52fbc-25ad-4406-9b39-176252b300f5,0.6239999999999999,272
2en01,2015-01-27-21-23-53-272_5_0-2en01_240044188685,491.5,29.258770406391108,4,0-2en01,7236-002d2ece-48f6-4bea-a34e-6b734b7ba3ef,0.728,2371
2en01,2015-01-27-21-23-53-272_5_0-2en01_240044188685,55.5,19.992358457797845,4,0-2en01,9942-8f2c378f-d9b2-4fea-8c2c-54a594d0e296,0.7040000000000001,1619
2en01,2015-01-27-21-23-53-272_5_0-2en01_240044188685,1203.5,65.43626602009006,4,0-2en01,9735-3e0d8a6a-97d4-49cf-a206-f2fad693c206,0.376,297
2en01,2015-01-27-21-23-53-272_5_0-2en01_240044188685,1547.0,79.93678360541855,4,0-2en01,1754-63d93dc0-3b1f-433f-a1b5-23eb1c08056d,0.6239999999999999,1126
2en01,2015-01-27-21-29-21-897_1_0-2en01_50133311888,64.5,26.6950329975686,1,0-2en01,1728-3fd39189-35e9-4e16-bae3-72ed42a0cf60,0.704,23
2en01,2015-01-27-21-31-20-844_1_3-2en01_637603107839,903.0,21.387981938172977,1,3-2en01,8864-70da056c-e11e-4c87-bbbc-730c87c4a104,0.752,23
2en01,2015-01-27-21-35-25-673_5_0-2en01_861656214110,539.0,71.8092013888889,4,0-2en01,6209-c07ff952-71e6-4f53-93ad-9f34bc37fac2,0.7120000000000001,2403
2en01,2015-01-27-21-35-25-673_5_0-2en01_861656214110,713.5,115.21971537660535,4,0-2en01,7398-d3ef2833-f41c-4fbd-b786-27dbc82afc19,0.584,1262
2en01,2015-01-27-21-35-25-673_5_0-2en01_861656214110,158.5,37.39267106634248,4,0-2en01,2017-7ef76e1e-273c-42a5-bfb3-13d43beea39b,0.6559999999999999,686
2en01,2015-01-27-21-35-25-673_5_0-2en01_861656214110,159.5,32.20910038207711,4,0-2en01,9334-984284cd-d51d-4ee5-afa8-7c84f9e126bc,0.6800000000000002,1051
2en01,2015-01-27-21-41-25-127_5_2-2en01_883497704984,100.0,16.726293852031954,3,2-2en01,9145-0df82d31-30eb-4420-a1d3-decd896f4dbe,0.728,1456
2en01,2015-01-27-21-41-25-127_5_2-2en01_883497704984,1387.5,86.57852675469076,3,2-2en01,1945-75fb7ea6-8c09-45d8-aa55-805c00478b14,0.6319999999999999,2398
2en01,2015-01-27-21-41-25-127_5_2-2en01_883497704984,171.5,18.672282042375826,3,2-2en01,4128-88fbfb3e-2b36-4aac-b009-ca96834481eb,0.6160000000000001,1440
2en01,2015-01-27-21-47-14-8_1_2-2en01_524458570638,160.0,48.38120875303925,1,2-2en01,0134-b92faa73-525e-44f4-8649-86f31860977d,0.72,23
2en01,2015-01-27-21-48-32-606_1_2-2en01_874296315247,103.0,19.48298020145884,1,2-2en01,5891-3034707d-265b-4a9d-8e2b-566f17e7531c,0.696,23
2en01,2015-01-27-21-50-32-659_5_0-2en01_153965122299,264.5,29.349947898575895,1,0-2en01,7847-d2de741d-39c7-4194-8e52-8a2d42050c05,0.5840000000000001,2405
2en01,2015-01-27-21-6-46-747_5_0-2en01_879638846497,1247.5,59.854810698159085,4,0-2en01,4545-a11d6e70-94ad-479c-ac59-a77c2babbf37,0.64,249
2en01,2015-01-27-21-6-46-747_5_0-2en01_879638846497,520.5,42.83622785689475,4,0-2en01,2527-0fbb3a21-bde3-474c-9c39-eacff7b663c2,0.43200000000000005,265
2en01,2015-01-27-21-6-46-747_5_0-2en01_879638846497,133.0,51.56892361111111,4,0-2en01,0374-218320a9-686d-4731-9443-ffeef581293c,0.6080000000000001,91
2en01,2015-01-27-21-6-46-747_5_0-2en01_879638846497,3072.5,179.3153153153153,4,0-2en01,9471-f263c554-9a50-448c-808c-e79dc2919f9e,0.5519999999999999,23
2en01,2015-01-27-21-7-51-383_1_1-2en01_895598380360,875.5,64.59975711311588,1,1-2en01,5530-62a366df-fcea-429e-bed0-58f40a2701c2,0.576,23
2en01,2015-01-27-21-8-38-18_1_2-2en01_734877507202,942.5,48.909279778393355,1,2-2en01,1072-df3c8520-7764-4552-bd37-db64b30a3385,0.5599999999999999,23
2en01,2015-01-27-21-9-52-763_5_0-2en01_896266550756,166.5,29.760680791941645,1,0-2en01,9467-645a1356-9588-4f00-aeef-0adf33505a0f,0.6880000000000001,1609
2en01,2015-01-27-22-16-14-322_5_1-2en01_308467078953,594.5,71.07959680222454,2,1-2en01,5262-2a1513a0-75f6-4c9c-a554-f2674c92946a,0.656,1161
2en01,2015-01-27-22-16-14-322_5_1-2en01_308467078953,1939.0,61.38628472222222,2,1-2en01,4224-adf901a6-65c5-44e1-822f-353db67d5421,0.768,2405
2en01,2015-01-27-22-51-13-268_1_0-2en01_732010232750,162.5,29.304793331017713,1,0-2en01,6144-3c94f2c5-6022-44c3-b84e-18e9ea8092dd,0.488,23
2en01,2015-01-27-22-51-18-539_1_2-2en01_825438380008,207.0,67.34577978464745,1,2-2en01,6262-f79e3613-6def-443d-88c2-b4a7ec71f6af,0.688,23
2en01,2015-01-27-22-52-50-923_1_0-2en01_454481220804,208.0,53.18194444444445,1,0-2en01,2953-6e410c79-2094-4548-a009-faf82961733d,0.6479999999999999,23
2en01,2015-01-27-22-53-54-105_5_1-2en01_909120782976,195.0,23.619965277777776,1,1-2en01,0028-92afb92a-77a2-4af1-a01e-cfbfe6cd94d4,0.64,1066
2en01,2015-01-27-22-53-8-561_1_1-2en01_869524342240,483.0,29.25641915336572,1,1-2en01,6619-70850afd-0795-4073-b288-eba60972cc59,0.752,23
2en01,2015-01-27-22-59-44-768_1_1-2en01_67398270824,266.0,54.87009378256339,1,1-2en01,7518-2dce59f2-869c-4d74-84d4-3b7ec99a0257,0.344,23
2en01,2015-01-27-22-8-14-938_5_0-2en01_468412698246,125.0,12.821639458145189,2,0-2en01,8385-227e5e1d-725b-4a06-94c2-11899ee02d01,0.7120000000000001,457
2en01,2015-01-27-22-8-14-938_5_0-2en01_468412698246,528.5,28.986974643973603,2,0-2en01,6205-1d2d4aad-9f18-4615-b643-e4dad33649ed,0.6080000000000001,2411
2en01,2015-01-27-23-1-55-916_5_1-2en01_475525273708,256.0,43.96439736019451,3,1-2en01,8952-9e25767b-33e9-4ca4-9c5c-75ead964ce86,0.8160000000000001,2402
2en01,2015-01-27-23-1-55-916_5_1-2en01_475525273708,328.5,49.589788120875305,3,1-2en01,0286-0f5c30c1-c181-4353-9a74-9c1e157aa124,0.5039999999999999,1337
2en01,2015-01-27-23-1-55-916_5_1-2en01_475525273708,219.5,32.54116012504342,3,1-2en01,4729-b0828f3c-c2cf-4ef1-839d-6ca4b9fda5d8,0.5440000000000002,1651
2en01,2015-01-27-23-11-19-251_1_2-2en01_280104938894,1143.5,36.05748523792984,1,2-2en01,0403-e555ae3d-f797-4798-9be7-b3e115a6f2e2,0.64,23
2en01,2015-01-28-1-13-17-289_6_2-2en01_963171368697,103.0,56.182354984369574,6,2-2en01,8916-fd52be27-9ec0-4042-990f-fb7350a9dd4e,0.4800000000000001,1226
2en01,2015-01-28-1-13-17-289_6_2-2en01_963171368697,176.0,11.567210837096214,6,2-2en01,2800-6ac74e76-772e-44b4-bd58-605d6ac3c871,0.6719999999999999,677
2en01,2015-01-28-1-13-17-289_6_2-2en01_963171368697,136.0,28.17315039944425,6,2-2en01,6720-ca648406-ccc5-432f-ae6d-d08caa541b9c,0.5519999999999999,1206
2en01,2015-01-28-1-13-17-289_6_2-2en01_963171368697,221.0,28.45901354637027,6,2-2en01,8428-14ec6b70-cfc1-4485-9cc3-a63b900d1b91,0.576,39
2en01,2015-01-28-1-13-17-289_6_2-2en01_963171368697,174.5,51.445293504689126,6,2-2en01,9266-54a057c7-05d1-42bb-8ca6-0d2cefbedaf6,0.6639999999999999,23
2en01,2015-01-28-1-13-17-289_6_2-2en01_963171368697,238.0,27.80757207363668,6,2-2en01,8415-390a77b7-0cac-47a1-9648-2b98bb0a90ed,0.632,69
2en01,2015-01-28-1-18-6-636_6_0-2en01_284161255462,81.5,19.42150052101424,5,0-2en01,0984-163d55c7-2104-48d3-b8fd-403805a28c5d,0.5199999999999999,1968
2en01,2015-01-28-1-18-6-636_6_0-2en01_284161255462,287.0,38.24010416666667,5,0-2en01,6453-238045a3-cf47-463a-b458-0e57ca3593e8,0.6239999999999999,2020
2en01,2015-01-28-1-18-6-636_6_0-2en01_284161255462,179.0,28.449808961444948,5,0-2en01,4243-4a9e6cca-c8a4-47ba-b3a7-46d9f17715b8,0.528,1472
2en01,2015-01-28-1-18-6-636_6_0-2en01_284161255462,498.5,33.79298367488711,5,0-2en01,8912-980e7f3d-8025-436d-bb18-283080cb97a9,0.528,1219
2en01,2015-01-28-1-18-6-636_6_0-2en01_284161255462,175.0,11.19173324070858,5,0-2en01,2966-77b5fd49-a065-47fc-b945-af70cd1ae50f,0.5599999999999999,2387
2en01,2015-01-28-1-23-19-273_5_1-2en01_688818691531,1178.0,57.04411253907607,1,1-2en01,0707-ddbd039a-ecc0-458a-8c24-77bba0a5ab31,0.64,2400
2en01,2015-01-28-1-45-0-401_6_0-2en01_159205466741,780.0,22.103855505383812,3,0-2en01,9696-eadb92d4-7a69-45fe-9f95-eb85772f0af2,0.6,2009
2en01,2015-01-28-1-45-0-401_6_0-2en01_159205466741,133.0,25.884027777777778,3,0-2en01,4930-862e7a8d-53af-4623-9850-9bc05b415ae0,0.6160000000000001,2397
2en01,2015-01-28-1-45-0-401_6_0-2en01_159205466741,287.0,48.32309027777778,3,0-2en01,2549-89060b72-22bd-476f-933d-dafbaf114b30,0.5840000000000001,1583
2en01,2015-01-28-2-9-10-38_5_3-2en01_538701031822,464.0,28.400113938473226,1,3-2en01,1082-bb4a50a0-6ddd-4fd3-87ea-e7c5d216c119,0.5350112359550562,2414
1en01,2015-01-29-20-43-18-960_1_2-1en01_128816026030,256.0,19.65508857242098,1,2-1en01,5213-97bbd403-0861-49e3-a783-7d948c17094e,0.744,23
1en01,2015-01-29-20-43-58-733_5_2-1en01_568899609846,261.5,51.70607638888889,3,2-1en01,0111-030f49e8-a3b8-4088-a3fa-8d00853acb68,0.768,412
1en01,2015-01-29-20-43-58-733_5_2-1en01_568899609846,186.0,11.884855852726641,3,2-1en01,4222-363aba94-782b-4378-b63a-1cfab50e2a11,0.8640000000000001,2409
1en01,2015-01-29-20-43-58-733_5_2-1en01_568899609846,380.0,55.81822916666667,3,2-1en01,8234-af191550-977b-42f6-9784-d8630583c807,0.8240000000000001,245
1en01,2015-01-29-20-49-19-600_1_0-1en01_82960580708,108.0,49.55800625217089,1,0-1en01,0466-df66b746-bcbc-4791-b734-cf6ca92b5709,0.528,23
1en01,2015-01-29-20-50-8-310_1_1-1en01_12584840878,262.0,39.73740882250782,1,1-1en01,7430-81a4eaa4-b762-45f6-926d-17d89891ff86,0.688,23
1en01,2015-01-29-20-50-9-4_5_2-1en01_619311067974,302.5,21.751303441084463,4,2-1en01,1643-d0ff74bc-0fdd-438b-8fd5-5bbbf29a7de6,0.744,146
1en01,2015-01-29-20-50-9-4_5_2-1en01_619311067974,213.5,44.871875,4,2-1en01,5529-07d2dff6-b13a-4398-b0b4-782a81bd9c62,0.616,798
1en01,2015-01-29-20-50-9-4_5_2-1en01_619311067974,220.0,59.342534722222226,4,2-1en01,7994-6e924b29-cec5-4cbf-9a7a-367bdfa62b4f,0.768,725
1en01,2015-01-29-20-50-9-4_5_2-1en01_619311067974,166.5,55.74409722222222,4,2-1en01,9928-d1d3e584-85ff-4406-bf7a-7e3c34f50fbb,0.648,24
1en01,2015-01-29-20-53-3-856_1_0-1en01_859501171158,271.0,19.46005557485238,1,0-1en01,5998-c887f936-b321-45f5-b51d-d701433bc99e,0.728,23
1en01,2015-01-29-20-55-15-261_5_2-1en01_477089201333,158.5,30.08628472222222,2,2-1en01,4659-12b878a2-c729-4be4-8f39-4f7505c34a15,0.48,2399
1en01,2015-01-29-20-55-15-261_5_2-1en01_477089201333,548.0,62.17048611111111,2,2-1en01,9312-0e23ade0-3f0d-4fbb-879e-6199e6a40eea,0.64,2031
1en01,2015-01-29-22-13-1-932_1_1-1en01_230392976664,219.5,19.81503994442515,1,1-1en01,2445-9f03adc4-7f5d-4b90-a1f4-d345e0e3d30f,0.64,23
1en01,2015-01-29-22-13-2-66_1_3-1en01_755593817681,514.5,34.61631944444444,1,3-1en01,5918-781a56d3-5962-432c-ba44-6242e1f21b8a,0.6719999999999999,23
1en01,2015-01-29-22-14-37-712_1_2-1en01_263776841107,49.0,6.76536992011115,1,2-1en01,7383-838fbee9-b165-4e8c-9764-d4a6e053fa95,0.8,23
1en01,2015-01-29-22-15-28-270_1_3-1en01_280671348795,437.5,70.22229940951719,1,3-1en01,8319-4e78df64-cd9f-40a8-9b28-7bbbc5dafb2d,0.736,23
1en01,2015-01-29-22-16-19-415_1_2-1en01_466497731627,453.0,92.1828125,1,2-1en01,4985-772c2978-978d-493d-a5d2-dbda5762eda7,0.576,23
1en01,2015-01-29-22-16-30-89_1_1-1en01_843079884769,218.0,79.95017361111111,1,1-1en01,0679-831ba77f-23d7-4ffe-ae89-2bea965917d1,0.6,23
1en01,2015-01-29-22-17-1-911_1_2-1en01_841021168977,194.5,24.373567210837095,1,2-1en01,0967-567554e2-599c-47e4-9098-7985c06963c3,0.8320000000000001,23
1en01,2015-01-29-22-20-35-466_1_2-1en01_135306215612,389.5,24.23271969433831,1,2-1en01,1882-daea5a0e-0f06-4e07-b23f-8b33a39e4af9,0.33599999999999997,23
1en01,2015-01-29-22-26-59-914_5_2-1en01_225448684766,270.5,46.73142361111111,1,2-1en01,6348-35176171-735f-44ea-a4f7-b7575f9a4b6c,0.672,1102
1en01,2015-01-29-22-37-21-387_5_3-1en01_281645688926,38.5,8.012678013199027,1,3-1en01,2358-7ff2ef87-ff04-4028-9d57-f57388aecf59,0.496,2413
1en01,2015-01-29-22-45-5-587_1_2-1en01_765745910117,274.5,23.969433831191385,1,2-1en01,8920-a0ea0e8c-d40f-47d7-97a1-efe2b10323b8,0.8160000000000001,23
1en01,2015-01-29-22-9-14-654_5_0-1en01_69139042636,88.5,22.444425147620702,5,0-1en01,0715-1549f492-c3cd-4680-9ef6-cad5656f0bb8,0.688,179
1en01,2015-01-29-22-9-14-654_5_0-1en01_69139042636,46.5,17.91420632163946,5,0-1en01,0781-4a27a4ff-fd3a-4c4e-a27e-baaf8bcfadfa,0.8,193
1en01,2015-01-29-22-9-14-654_5_0-1en01_69139042636,2267.5,39.949461618617576,5,0-1en01,6606-799a8a35-3439-4c2e-9b52-5e410d2b1a93,0.8240000000000001,1030
1en01,2015-01-29-22-9-14-654_5_0-1en01_69139042636,470.5,24.124175060784996,5,0-1en01,9923-98501e2d-dc89-4a0d-aa23-de4e67964a60,0.8480000000000001,43
1en01,2015-01-29-22-9-14-654_5_0-1en01_69139042636,594.0,62.86875,5,0-1en01,1686-cf8ace07-97af-4bba-a09e-43f52f3c4299,0.784,23
1en01,2015-01-29-23-7-50-581_1_1-1en01_414822863880,496.5,33.9881903438694,1,1-1en01,2361-2a326ea2-1824-4a6d-8d55-009210ca1199,0.584,23
1en01,2015-01-30-11-35-13-145_5_3-1en01_233730632113,50.0,27.548090277777778,5,3-1en01,8185-932cff0e-358c-4ef1-a3e4-05d8f2546aba,0.8400000000000001,908
1en01,2015-01-30-11-35-13-145_5_3-1en01_233730632113,806.0,27.80625,5,3-1en01,3486-3e8593fd-05d2-407e-b42f-6e01f6a9bc3f,0.8480000000000001,1233
1en01,2015-01-30-11-35-13-145_5_3-1en01_233730632113,114.5,31.190798611111113,5,3-1en01,9549-ee493b6f-71fd-4782-819b-2c998c5b2eb6,0.8,273
1en01,2015-01-30-11-35-13-145_5_3-1en01_233730632113,647.0,51.155034722222226,5,3-1en01,0050-524ad716-f72e-4393-b1a9-ff59cd39ef81,0.8640000000000001,24
1en01,2015-01-30-11-35-13-145_5_3-1en01_233730632113,218.5,26.4609375,5,3-1en01,0976-04707135-9cc7-4931-94f9-bbe516977562,0.8880000000000001,780
1en01,2015-01-30-11-40-11-215_5_3-1en01_391744225285,151.0,46.20329861111111,2,3-1en01,7419-87aa8ce2-b964-4ba2-b6d0-f6721a4fed51,0.704,2387
1en01,2015-01-30-11-40-11-215_5_3-1en01_391744225285,512.0,29.085620006946858,2,3-1en01,1735-13bffbfd-3b86-47a6-bfea-8e90a20b253f,0.30400000000000005,2049
1en01,2015-01-30-11-40-9-663_1_1-1en01_897135026985,169.5,18.779263633205975,1,1-1en01,6828-60f09acf-c00e-4084-8297-10c7f439ef75,0.8480000000000001,23
1en01,2015-01-30-11-55-55-179_5_0-1en01_562373611610,59.5,49.49583188607155,3,0-1en01,6673-ac124549-67b5-4abd-9017-e090243bb91c,0.6319999999999999,2402
1en01,2015-01-30-11-55-55-179_5_0-1en01_562373611610,174.0,24.495310871830497,3,0-1en01,3355-36a706b0-13ba-416a-877b-fee2ce0d7e62,0.4960000000000001,1197
1en01,2015-01-30-11-55-55-179_5_0-1en01_562373611610,293.5,49.34682181312956,3,0-1en01,2281-16358ba8-07de-4366-8d48-b3f47d76396b,0.44800000000000006,2245
1en01,2015-01-30-12-1-4-89_5_2-1en01_578523323172,89.5,14.545849253212921,2,2-1en01,5162-59943c67-5ba4-424f-a4e2-618faf3d040d,0.7360000000000002,716
1en01,2015-01-30-12-1-4-89_5_2-1en01_578523323172,528.5,46.79704861111111,2,2-1en01,4975-cf768986-daba-4ce7-b5e0-9053132ff0ac,0.8480000000000001,2406
1en01,2015-01-30-12-16-13-167_5_2-1en01_29525089543,171.0,22.410211879124695,1,2-1en01,4386-7737b60e-dd48-4786-948b-3f8a3031a02c,0.696,2410
1en01,2015-01-30-12-26-10-211_1_0-1en01_479583963286,246.0,33.5543591524835,1,0-1en01,6562-39e5bcab-c0b1-4a7f-b70f-1dc333111249,0.736,23
1en01,2015-01-30-12-27-57-589_1_0-1en01_657609486253,58.0,18.549670024313997,1,0-1en01,3184-56a28760-1183-49ea-b870-ac730ca83db6,0.9039999999999999,23
1en01,2015-01-30-12-36-44-315_5_3-1en01_743193658301,488.5,22.016840277777778,1,3-1en01,7913-8125501c-a568-487d-94b5-09e48bfbc88d,0.6719999999999999,2413
1en01,2015-01-30-13-9-0-786_5_0-1en01_850157500011,43.5,24.11371527777778,1,0-1en01,3926-2d5cd4db-a8df-4ef8-b35a-ecf66238b736,0.768,2412
1en01,2015-01-30-14-12-53-190_1_2-1en01_807659319369,211.0,51.576068079194165,1,2-1en01,1716-fdbee536-cfaa-4e4e-b71c-bd7f21e980a8,0.704,23
1en01,2015-01-30-14-13-5-238_5_0-1en01_850912750000,63.5,44.18020833333333,3,0-1en01,5643-73144788-c258-48dd-ba71-ed3321e1ae29,0.8080000000000002,2401
1en01,2015-01-30-14-13-5-238_5_0-1en01_850912750000,40.0,7.952935046891282,3,0-1en01,2372-aacb77d8-f0a1-4ea0-b0ac-3516a2225758,0.8639999999999999,406
1en01,2015-01-30-14-13-5-238_5_0-1en01_850912750000,175.5,13.46630774574505,3,0-1en01,6013-61059ff2-b7ff-4c25-941a-ab34016510e2,0.792,2298
1en01,2015-01-30-14-18-5-885_5_0-1en01_130892158485,165.5,27.931747134421673,3,0-1en01,5098-67d2fc97-5164-4b6b-bd42-75f9ebfe8a39,0.7839999999999999,585
1en01,2015-01-30-14-18-5-885_5_0-1en01_130892158485,1394.5,119.59416261292564,3,0-1en01,7411-9aca3be0-67d5-4046-9058-e3e9109f7980,0.6559999999999999,165
1en01,2015-01-30-14-18-5-885_5_0-1en01_130892158485,840.5,59.41507467870788,3,0-1en01,9222-3f79cce5-23da-4ff3-a530-158395379ff9,0.76,2396
1en01,2015-01-30-14-23-55-304_5_0-1en01_103112000273,541.5,63.803125,2,0-1en01,4075-0cfe4a7c-7645-4e6e-b714-19f929f6aefc,0.776,2397
1en01,2015-01-30-14-23-55-304_5_0-1en01_103112000273,165.5,28.95484543244182,2,0-1en01,6093-8f3ffa49-722a-49b6-8d69-eb4fb38c0f75,0.736,355
1en01,2015-01-30-14-34-27-85_5_2-1en01_87091422872,89.0,45.52344564084752,4,2-1en01,7467-01c0c4cc-dd07-486a-8409-0ee3490cadbf,0.6799999999999999,23
1en01,2015-01-30-14-34-27-85_5_2-1en01_87091422872,91.0,6.331191385897881,4,2-1en01,1694-ce064820-7532-46e9-8ccf-7f70754d5b57,0.7839999999999999,694
1en01,2015-01-30-14-34-27-85_5_2-1en01_87091422872,66.0,35.57641542202153,4,2-1en01,4173-6ce3c602-feaf-4150-82b0-83de9b7b6594,0.6080000000000001,801
1en01,2015-01-30-14-34-27-85_5_2-1en01_87091422872,1371.5,78.80343511450381,4,2-1en01,6105-443204fc-a9fb-4c81-bfc2-ce9a95c18d6b,0.8639999999999999,414
1en01,2015-01-30-14-36-41-645_1_2-1en01_358008759329,541.0,122.96041666666666,1,2-1en01,1999-5bfb2140-4c67-4933-9c38-1bcd30f62018,0.6639999999999999,23
1en01,2015-01-30-14-36-43-471_5_0-1en01_778992161853,297.5,52.02813476901702,2,0-1en01,6967-eea31f65-962d-47e2-8a17-e90d106de216,0.47199999999999986,2211
1en01,2015-01-30-14-36-43-471_5_0-1en01_778992161853,160.0,39.54984369572768,2,0-1en01,4804-b7e87471-96ad-4b1d-90f4-3ca1d7c0c5ba,0.768,2386
1en01,2015-01-30-14-4-25-965_1_2-1en01_918769255513,615.5,33.76589093435221,1,2-1en01,2384-8f926216-e9c4-4c42-813e-52fb58f90161,0.72,23
1en01,2015-01-30-14-4-48-291_1_1-1en01_8269743761,165.0,45.15925668634943,1,1-1en01,3731-738b76e6-ff57-430a-8736-918090490993,0.744,23
1en01,2015-01-30-14-5-9-36_1_0-1en01_37758667487,345.0,52.95362973254602,1,0-1en01,8605-9a6f4c83-affb-4f07-b33d-ffc725c9ec81,0.8400000000000001,23
1en01,2015-01-30-14-55-57-366_5_0-1en01_530722413444,146.0,18.66134074331365,1,0-1en01,0151-20862d0c-f399-4dcc-a8ab-66900f634d50,0.8480000000000001,2412
1en01,2015-01-30-14-8-59-262_1_0-1en01_960092963417,109.0,44.54272316776659,1,0-1en01,0298-a5829314-3934-4fd5-b271-d744b4775ed3,0.5599999999999999,23
1en01,2015-01-30-15-10-16-38_5_2-1en01_97881260560,144.0,27.791319444444444,2,2-1en01,2672-4b6330ea-974d-4cb4-9e24-331a44e95667,0.752,2032
1en01,2015-01-30-15-10-16-38_5_2-1en01_97881260560,192.0,23.19670138888889,2,2-1en01,0047-6c871224-042b-42ee-a8af-2cc77b08d57d,0.6000000000000001,2407
1en01,2015-01-30-18-20-4-36_5_1-1en01_552059592213,204.5,53.822916666666664,1,1-1en01,5972-c3eb07a1-48fe-46d2-885f-d7a7581b3859,0.768,2237
1en01,2015-01-30-18-32-20-96_5_1-1en01_600239834049,159.0,24.012851684612713,1,1-1en01,6700-fb90e2ba-9748-429d-b328-e127ad5afb9d,0.3760000000000001,2411
1en01,2015-01-30-18-6-11-569_5_1-1en01_669116000644,286.0,17.613754775963876,4,1-1en01,9382-cfaf8a4e-e249-4742-b172-64aedd0f8eae,0.808,864
1en01,2015-01-30-18-6-11-569_5_1-1en01_669116000644,65.0,18.572420979506774,4,1-1en01,2328-ab111305-486e-4bf3-83ea-20349d0615f3,0.8719999999999999,1202
1en01,2015-01-30-18-6-11-569_5_1-1en01_669116000644,1019.5,74.06671299513552,4,1-1en01,6830-113329b5-702c-46bf-a98e-77015c2ae3d5,0.744,535
1en01,2015-01-30-18-6-11-569_5_1-1en01_669116000644,157.5,11.848384855852727,4,1-1en01,1540-fbdb257f-2207-4a13-b4e1-b5028f1bf76f,0.9199999999999999,1366
1en01,2015-01-30-19-13-16-753_5_1-1en01_254379808437,195.0,26.078819444444445,4,1-1en01,8960-437ed22a-a4af-4d69-874e-7a44352c96b0,0.6080000000000001,2403
1en01,2015-01-30-19-13-16-753_5_1-1en01_254379808437,4439.0,193.88137082601054,4,1-1en01,4369-42dd18c8-30e4-447a-92c3-aad8cec4178d,0.64,2135
1en01,2015-01-30-19-13-16-753_5_1-1en01_254379808437,361.0,71.02725694444445,4,1-1en01,8135-cc57f59c-843d-41ff-9d3a-3f9f6217dbfe,0.8720000000000001,140
1en01,2015-01-30-19-13-16-753_5_1-1en01_254379808437,128.5,46.94494616186176,4,1-1en01,7248-fcb8c511-a887-47ba-8099-10d9f172a456,0.8400000000000001,1266
1en01,2015-01-30-19-18-32-416_5_1-1en01_167456298600,157.5,39.59791666666667,1,1-1en01,0325-f0050e6c-c997-458b-aa6d-b273c3bef3fd,0.784,1884
1en01,2015-01-30-19-27-35-799_5_1-1en01_121356117306,91.0,40.982638888888886,2,1-1en01,5679-4d685dff-530d-414e-80ca-551677dbe3e6,0.368,199
1en01,2015-01-30-19-27-35-799_5_1-1en01_121356117306,78.5,28.897395833333334,2,1-1en01,7611-0c7cf971-0d24-4fdb-bc47-724ec2304d54,0.8560000000000001,104
1en01,2015-01-30-19-56-8-383_5_1-1en01_140809734817,485.5,37.13077457450504,1,1-1en01,4097-8b1866c5-1eb1-4d30-9def-4d0b81fc4854,0.8160000000000001,2412
1en01,2015-01-30-20-58-46-738_5_3-1en01_490778852021,256.0,42.9859375,2,3-1en01,0727-96bfab79-1697-4913-92c3-ea22d2d6b287,0.648,343
1en01,2015-01-30-20-58-46-738_5_3-1en01_490778852021,523.0,15.92053324099723,2,3-1en01,6951-3a84549b-accd-4395-834e-3e374286080a,0.8320000000000001,1969
1en01,2015-01-30-21-14-58-413_5_3-1en01_753893757937,244.5,51.73237235151094,1,3-1en01,3715-7028f8e8-104c-451c-9960-ff5e41a5a46c,0.776,2410
1en01,2015-01-30-21-23-47-468_5_3-1en01_981046802829,442.0,45.930902777777774,1,3-1en01,7129-caede76e-47e4-4397-9733-c655eef99eb2,0.8719999999999999,2409
1en01,2015-01-30-21-4-28-433_5_3-1en01_436094184406,62.0,18.780034722222222,4,3-1en01,5618-468c5987-ad56-4ca1-a399-46cfaf7becb3,0.792,1301
1en01,2015-01-30-21-4-28-433_5_3-1en01_436094184406,68.0,43.15677083333333,4,3-1en01,3627-47f212f2-dc80-46e4-8f04-9a336ec46192,0.728,391
1en01,2015-01-30-21-4-28-433_5_3-1en01_436094184406,163.0,13.740882250781521,4,3-1en01,1348-87304e42-1ca9-4731-b585-16f4934a24fa,0.584,24
1en01,2015-01-30-21-4-28-433_5_3-1en01_436094184406,185.0,14.823376172282043,4,3-1en01,5751-abf41fa8-c334-4637-b3c0-957edc49e9c0,0.7120000000000001,340
1en01,2015-01-30-21-8-29-758_5_3-1en01_414163867942,51.0,17.51632511288642,2,3-1en01,5488-3c029011-fdf7-421c-aecd-22d08eee2e37,0.6799999999999999,2391
1en01,2015-01-30-21-8-29-758_5_3-1en01_414163867942,101.0,51.1773185133727,2,3-1en01,8893-68b52c84-ca80-4661-a7f0-b825a4cfc45e,0.736,193
1en01,2015-01-30-22-32-22-482_3_1-1en01_497261014766,234.0,30.86714136853074,2,1-1en01,5801-2ac1f2c8-3393-4590-a4ec-30abe35b03cb,0.7120000000000001,24
1en01,2015-01-30-22-32-22-482_3_1-1en01_497261014766,256.0,28.641542202153527,2,1-1en01,3696-ee10d3d0-ee9c-4db3-b739-a9b38e9c2fe0,0.6799999999999999,401
1en01,2015-01-30-22-33-52-591_3_1-1en01_937068889616,262.5,53.390972222222224,3,1-1en01,8828-156a2919-e27c-4135-a206-0f7db44583ee,0.72,24
1en01,2015-01-30-22-33-52-591_3_1-1en01_937068889616,296.5,45.86024305555556,3,1-1en01,9715-6d6f2343-2591-4e89-9e74-c865b487c662,0.8319999999999999,432
1en01,2015-01-30-22-33-52-591_3_1-1en01_937068889616,370.5,27.056944444444444,3,1-1en01,9641-b1dcc813-4a78-438d-8fff-cfaefd965592,0.8560000000000001,120
1en01,2015-01-30-22-34-47-896_5_1-1en01_624475084245,129.0,45.972569444444446,3,1-1en01,6798-e8da885c-7c77-4c33-bc5e-8cd1d7bf0da6,0.808,341
1en01,2015-01-30-22-34-47-896_5_1-1en01_624475084245,183.0,13.177144841959013,3,1-1en01,5760-d328cfbb-6251-44ad-bd09-859ef8eb7e36,0.44800000000000006,793
1en01,2015-01-30-22-34-47-896_5_1-1en01_624475084245,199.5,26.329166666666666,3,1-1en01,4896-7c94021c-ed09-494c-a204-7bf29e186b9f,0.76,638
1en01,2015-01-30-22-42-23-684_3_1-1en01_307072394061,396.0,31.146057658909342,1,1-1en01,9496-c6ecc653-769a-44e2-9dc7-46b64a826d9b,0.8640000000000001,2339
1en01,2015-01-30-23-4-43-328_3_1-1en01_150826397584,214.5,56.14392361111111,2,1-1en01,3589-b6ca0e46-1e0e-4445-898f-a676f6890414,0.576,2407
1en01,2015-01-30-23-4-43-328_3_1-1en01_150826397584,226.0,9.836458333333333,2,1-1en01,9077-da41d37c-73a1-4450-86d4-3305d1108584,0.768,2193
1en01,2015-01-31-15-15-26-542_2_2-1en01_7463-786ce7cf-cc26-4d5b-b5b1-362f5a6db145,379.5,44.999826328586316,2,2-1en01,5227-c3a90911-0c13-4be9-b900-525ca43b3537,0.784,1391
1en01,2015-01-31-15-15-26-542_2_2-1en01_7463-786ce7cf-cc26-4d5b-b5b1-362f5a6db145,462.0,37.390934352205626,2,2-1en01,6580-4b510464-c6d7-4c1e-ba48-084005f4dc53,0.7759999999999999,1925
1en01,2015-01-31-15-23-32-76_2_3-1en01_4461-351dadaa-94ee-4903-bdb8-a7c4df7c4e8a,164.0,30.70486111111111,2,3-1en01,9202-119174a0-c6e3-4f15-9ef6-546d895a3e00,0.5919999999999999,1593
1en01,2015-01-31-15-23-32-76_2_3-1en01_4461-351dadaa-94ee-4903-bdb8-a7c4df7c4e8a,107.5,53.455555555555556,2,3-1en01,2768-e28ea5f5-8010-4125-8cf8-57be61f76b32,0.5840000000000001,2404
1en01,2015-01-31-15-31-2-968_3_3-1en01_0835-9db66fa7-43a4-4e9a-8a37-af8fcf3e7e0f,2432.0,44.60798611111111,3,3-1en01,2796-3ad07113-9e40-426c-8c88-58f104f75d32,0.8400000000000001,1033
1en01,2015-01-31-15-31-2-968_3_3-1en01_0835-9db66fa7-43a4-4e9a-8a37-af8fcf3e7e0f,3472.0,111.58058353594998,3,3-1en01,1239-ace381bb-85bd-48d6-bdce-3fa72ea3ccb8,0.8160000000000001,2345
1en01,2015-01-31-15-31-2-968_3_3-1en01_0835-9db66fa7-43a4-4e9a-8a37-af8fcf3e7e0f,4029.5,78.83211805555555,3,3-1en01,5159-c7c428b6-5064-4a89-a754-6fc4b6f6bbcd,0.792,759
