source,alpha,textureCost,colorCost,shapeCost,logLikelihood,prob
egocentric,0.41850608894556607,0.37759116146035987,0.004427429248112593,0.019553393334110367,-3854.94238368106,-8.517193191416238
egocentric,0.6622133090174881,0.37759116146035987,0.004427429248112593,0.015188550870490165,-3848.7113126862987,-7.824046010856292
egocentric,0.6622133090174881,0.3308387735200079,0.005083133983956407,0.015188550870490165,-3838.676832597685,-8.517193191416238
egocentric,0.6622133090174881,0.232493519802201,0.005083133983956407,0.007713214722084645,-3814.468359114147,-7.824046010856292
egocentric,2.50714272610837,0.232493519802201,0.005083133983956407,0.007713214722084645,-3805.2089531984116,-7.418580902748128
egocentric,2.23264416283342,0.232493519802201,0.005083133983956407,0.007713214722084645,-3793.7662225244703,-7.1308988302963465
egocentric,2.23264416283342,0.232493519802201,0.007381630751138952,0.007713214722084645,-3795.7202792398057,-8.517193191416238
egocentric,2.23264416283342,0.19405481197280489,0.007381630751138952,0.007713214722084645,-3763.5683331056175,-7.824046010856292
egocentric,2.23264416283342,0.14738650783509874,0.01201973887826741,0.007713214722084645,-3733.3657183544383,-7.824046010856292
egocentric,2.23264416283342,0.13155381861869156,0.01201973887826741,0.007713214722084645,-3722.894032901075,-7.1308988302963465
egocentric,2.23264416283342,0.08821847900111049,0.01201973887826741,0.007713214722084645,-3697.210103527483,-7.418580902748128
egocentric,2.6772922583819043,0.08821847900111049,0.01201973887826741,0.001963228335378291,-3676.944377894059,-8.517193191416238
egocentric,2.6772922583819043,0.05555962694175541,0.01201973887826741,0.001963228335378291,-3656.874290225601,-8.517193191416238
egocentric,5.615716930529547,0.02194732129651778,0.01201973887826741,0.001963228335378291,-3635.981822096466,-6.907755278982137
egocentric,5.615716930529547,0.016617088367486998,0.01201973887826741,0.001963228335378291,-3631.2479093565103,-6.437751649736401
egocentric,5.615716930529547,0.016617088367486998,0.009932829633333824,0.001963228335378291,-3626.444789947074,-7.418580902748128
egocentric,5.615716930529547,0.005049150649448221,0.009932829633333824,0.001963228335378291,-3617.3966934169657,-7.1308988302963465
egocentric,5.599395093172198,0.005049150649448221,0.009932829633333824,0.001963228335378291,-3617.2411376854757,-8.517193191416238
egocentric,4.286504521278464,0.005049150649448221,0.009932829633333824,0.001963228335378291,-3610.1393479740805,-7.824046010856292
egocentric,4.286504521278464,0.005049150649448221,0.0071828947843417075,0.001963228335378291,-3605.275291476583,-6.319968614080018
egocentric,4.391928168777558,0.005049150649448221,0.0071828947843417075,0.001963228335378291,-3605.217105853073,-6.437751649736401
egocentric,4.391928168777558,0.005049150649448221,0.005707367925068195,0.001963228335378291,-3602.571370803188,-5.426150738057921
egocentric,4.421688821252874,0.005049150649448221,0.005707367925068195,0.001963228335378291,-3602.5583498146493,-7.824046010856292
egocentric,4.421688821252874,0.000645246798081499,0.005707367925068195,0.001963228335378291,-3600.0715227606615,-7.1308988302963465
egocentric,5.164783885875094,0.000645246798081499,0.005707367925068195,0.001963228335378291,-3601.841336187932,-5.809142990314028
egocentric,5.0285464714924375,0.000645246798081499,0.005707367925068195,0.001963228335378291,-3601.2138083714985,-6.571283042360924
egocentric,5.0285464714924375,0.000645246798081499,0.0003635793320681505,0.001963228335378291,-3590.435672405174,-8.517193191416238
egocentric,5.0285464714924375,0.006517390818328694,0.0003635793320681505,0.001963228335378291,-3594.2389571130575,-5.8781358618009785
egocentric,4.470426450464583,0.006517390818328694,0.0003635793320681505,0.001963228335378291,-3593.854216332707,-6.214608098422191
egocentric,4.470426450464583,0.006517390818328694,0.0003635793320681505,0.00024781643731638464,-3586.903764781452,-8.517193191416238
egocentric,4.470426450464583,0.007214383272456318,0.0003635793320681505,0.00024781643731638464,-3587.3327610194624,-7.824046010856292
egocentric,4.470426450464583,0.002548365158496291,0.0003635793320681505,0.00024781643731638464,-3584.5394375931355,-7.418580902748128
egocentric,4.470426450464583,0.002548365158496291,0.000245231402570281,0.00024781643731638464,-3584.329068781256,-5.572754212249797
egocentric,3.9758707680454344,0.002548365158496291,0.000245231402570281,0.00024781643731638464,-3587.46681434112,-7.824046010856292
egocentric,4.055496376407419,0.002548365158496291,0.000245231402570281,0.00024781643731638464,-3586.7710177325293,-7.418580902748128
egocentric,5.087200124969868,0.002548365158496291,0.000245231402570281,0.00024781643731638464,-3583.6048613298194,-6.214608098422191
egocentric,5.44066451265843,0.002548365158496291,0.000245231402570281,0.00024781643731638464,-3584.3442154658987,-7.1308988302963465
egocentric,5.44066451265843,0.0011419347805564327,0.000245231402570281,0.00024781643731638464,-3583.393712483121,-6.907755278982137
egocentric,5.106008981222243,0.0011419347805564327,0.000245231402570281,0.00024781643731638464,-3582.726375669088,-5.683979847360021
egocentric,5.044834730125283,0.0011419347805564327,0.000245231402570281,0.00024781643731638464,-3582.6752182812893,-8.517193191416238
egocentric,5.044834730125283,0.0008315354248655026,0.000245231402570281,0.00024781643731638464,-3582.4815643657116,-6.319968614080018
egocentric,5.157876223923827,0.0008315354248655026,0.000245231402570281,0.00024781643731638464,-3582.5907065864876,-5.572754212249797
egocentric,5.157876223923827,0.0008315354248655026,0.0003357291950868026,0.00024781643731638464,-3582.7750835108814,-6.437751649736401
egocentric,4.7392811283805525,0.0008315354248655026,0.0003357291950868026,0.00024781643731638464,-3582.788869756404,-7.824046010856292
egocentric,4.971999248478023,0.0008315354248655026,0.0003357291950868026,0.00024781643731638464,-3582.632691743252,-7.1308988302963465
egocentric,4.971999248478023,0.0008315354248655026,0.0006824109490559668,0.00024781643731638464,-3583.315652304098,-8.517193191416238
egocentric,5.11944733640972,0.0008315354248655026,0.0006824109490559668,0.00024781643731638464,-3583.4299462893546,-6.725433722188183
egocentric,5.11944733640972,0.00040157262422095433,0.0006824109490559668,0.00024781643731638464,-3583.1606102698233,-5.744604469176456
egocentric,5.109767314615578,0.00040157262422095433,0.0006824109490559668,0.00024781643731638464,-3583.149279891234,-7.1308988302963465
egocentric,5.109767314615578,0.001970452383335662,0.0006824109490559668,0.00024781643731638464,-3584.1403112624994,-8.517193191416238
egocentric,4.89618326564543,0.001970452383335662,0.0006824109490559668,0.00024781643731638464,-3584.0102752264756,-5.339139361068292
egocentric,5.018826410155483,0.001970452383335662,0.0006824109490559668,0.00024781643731638464,-3584.0479351662384,-6.907755278982137
egocentric,5.018826410155483,0.0039657905411752395,0.0006824109490559668,0.00024781643731638464,-3585.3272640758905,-7.1308988302963465
egocentric,5.018826410155483,0.0032283741839158235,0.0006824109490559668,0.00024781643731638464,-3584.849542154737,-6.907755278982137
egocentric,5.018826410155483,0.0027240923589825186,0.0006824109490559668,0.00024781643731638464,-3584.526174687447,-7.824046010856292
egocentric,5.526146600936118,0.0027240923589825186,0.0006824109490559668,0.00024781643731638464,-3585.6942706605787,-7.418580902748128
egocentric,5.526146600936118,0.0027240923589825186,0.0006824109490559668,0.0001979605004441296,-3585.4442626902314,-8.517193191416238
egocentric,5.12074917936168,0.0027240923589825186,0.0006824109490559668,0.0001979605004441296,-3584.410077436672,-5.744604469176456
egocentric,4.49640536740953,0.0027240923589825186,0.0006824109490559668,0.0001979605004441296,-3584.9164533844014,-6.319968614080018
egocentric,5.049295273770504,0.0027240923589825186,0.0006824109490559668,0.0001979605004441296,-3584.325479412406,-7.418580902748128
egocentric,4.436453654436132,0.0027240923589825186,0.0006824109490559668,0.0001979605004441296,-3585.1345814169495,-6.437751649736401
egocentric,4.436453654436132,0.0017716092998711042,0.0006824109490559668,0.0001979605004441296,-3584.5895176374142,-5.809142990314028
egocentric,4.655180064626551,0.0017716092998711042,0.0006824109490559668,0.0001979605004441296,-3583.9302306009045,-7.824046010856292
egocentric,4.937079786509887,0.0017716092998711042,0.0006824109490559668,0.0001979605004441296,-3583.6647154551733,-7.1308988302963465
egocentric,5.180258193040903,0.0017716092998711042,0.0006824109490559668,0.0001979605004441296,-3583.8845013791993,-6.907755278982137
egocentric,4.953716817085618,0.0017716092998711042,0.0006824109490559668,0.0001979605004441296,-3583.667373045852,-8.517193191416238
egocentric,4.953716817085618,0.0017716092998711042,0.0009843093828736016,0.0001979605004441296,-3584.260408887013,-5.952243833954701
egocentric,4.242562453480579,0.0017716092998711042,0.0009843093828736016,0.0001979605004441296,-3586.071957189788,-5.572754212249797
egocentric,6.316682086734174,0.0017716092998711042,0.0009843093828736016,0.0001979605004441296,-3589.531931928514,-7.1308988302963465
egocentric,5.854593751894628,0.0017716092998711042,0.0009843093828736016,0.0001979605004441296,-3586.8651862923566,-7.418580902748128
egocentric,4.315576459573373,0.0017716092998711042,0.0009843093828736016,0.0001979605004441296,-3585.6693519107653,-8.517193191416238
egocentric,5.215151232708057,0.0017716092998711042,0.0009843093828736016,0.0001979605004441296,-3584.5688508934504,-7.824046010856292
egocentric,4.91176611731495,0.0017716092998711042,0.0009843093828736016,0.0001979605004441296,-3584.2526526871334,-6.214608098422191
egocentric,4.974728141291398,0.0017716092998711042,0.0009843093828736016,0.0001979605004441296,-3584.26886499038,-6.725433722188183
egocentric,5.937075881670338,0.0017716092998711042,0.0009843093828736016,0.0001979605004441296,-3587.289028071549,-6.725433722188183
egocentric,4.47075975582302,0.0017716092998711042,0.0009843093828736016,0.0001979605004441296,-3584.9956605591365,-6.032286541628237
egocentric,5.374290621935289,0.0017716092998711042,0.0009843093828736016,0.0001979605004441296,-3584.9548007155645,-8.517193191416238
egocentric,5.374290621935289,0.0012615306388795774,0.0009843093828736016,0.0001979605004441296,-3584.6168162751082,-5.8781358618009785
egocentric,5.869329022938261,0.0012615306388795774,0.0009843093828736016,0.0001979605004441296,-3586.5737046100626,-7.418580902748128
egocentric,5.458256121809476,0.0012615306388795774,0.0009843093828736016,0.0001979605004441296,-3584.8698239414225,-7.824046010856292
egocentric,5.613509976215031,0.0012615306388795774,0.0009843093828736016,0.0001979605004441296,-3585.427380011286,-8.517193191416238
egocentric,4.586306343469454,0.0012615306388795774,0.0009843093828736016,0.0001979605004441296,-3584.347102666334,-6.319968614080018
egocentric,4.491570347904863,0.0012615306388795774,0.0009843093828736016,0.0001979605004441296,-3584.631835343939,-7.418580902748128
egocentric,4.808577964644975,0.0012615306388795774,0.0009843093828736016,0.0001979605004441296,-3583.9795262915786,-6.319968614080018
egocentric,5.533774175670819,0.0012615306388795774,0.0009843093828736016,0.0001979605004441296,-3585.1269943871985,-7.1308988302963465
egocentric,4.244277205937922,0.0012615306388795774,0.0009843093828736016,0.0001979605004441296,-3585.783092181739,-6.907755278982137
egocentric,4.853975923166279,0.0012615306388795774,0.0009843093828736016,0.0001979605004441296,-3583.952298149535,-7.418580902748128
egocentric,5.022952396162397,0.0012615306388795774,0.0009843093828736016,0.0001979605004441296,-3583.980464043565,-7.824046010856292
egocentric,5.15393098010713,0.0012615306388795774,0.0009843093828736016,0.0001979605004441296,-3584.132473225806,-6.907755278982137
egocentric,3.90680929567257,0.0012615306388795774,0.0009843093828736016,0.0001979605004441296,-3588.4587831536546,-7.824046010856292
egocentric,3.90680929567257,0.0021143344204475533,0.0009843093828736016,0.0001979605004441296,-3588.8976809770643,-8.517193191416238
egocentric,5.802340734496941,0.0021143344204475533,0.0009843093828736016,0.0001979605004441296,-3586.854853495767,-5.8781358618009785
egocentric,4.208926516950085,0.0021143344204475533,0.0009843093828736016,0.0001979605004441296,-3586.464131011055,-7.1308988302963465
egocentric,4.651650195577046,0.0021143344204475533,0.0009843093828736016,0.0001979605004441296,-3584.6990191956306,-7.1308988302963465
egocentric,4.5720572049289245,0.0013645171111280516,0.0009843093828736016,0.0001979605004441296,-3584.4442498776343,-8.517193191416238
egocentric,4.3647351227414335,0.0013645171111280516,0.0009843093828736016,0.0001979605004441296,-3585.2023589866085,-7.824046010856292
egocentric,4.731339549703223,0.0013645171111280516,0.0009843093828736016,0.0001979605004441296,-3584.1230772711087,-6.319968614080018
egocentric,4.731339549703223,0.0013645171111280516,0.001260386854264923,0.0001979605004441296,-3584.6433813582103,-6.032286541628237
egocentric,3.7712936221319877,0.0013645171111280516,0.001260386854264923,0.0001979605004441296,-3590.42438109658,-8.517193191416238
egocentric,5.02301485951974,0.0013645171111280516,0.001260386854264923,0.0001979605004441296,-3584.5953378313716,-8.517193191416238
egocentric,5.312490151861688,0.0013645171111280516,0.001260386854264923,0.0001979605004441296,-3585.102059210468,-8.517193191416238
egocentric,5.312490151861688,0.002710724422729249,0.001260386854264923,0.0001979605004441296,-3585.9925072078818,-6.725433722188183
egocentric,5.312490151861688,0.0024560056300383967,0.001260386854264923,0.0001979605004441296,-3585.8223769655774,-7.1308988302963465
egocentric,4.942565875603841,0.0024560056300383967,0.001260386854264923,0.0001979605004441296,-3585.225281746651,-6.571283042360924
egocentric,4.942565875603841,0.0026596175217165033,0.001260386854264923,0.0001979605004441296,-3585.35299212505,-8.517193191416238
egocentric,4.93682793810147,0.0026596175217165033,0.001260386854264923,0.0001979605004441296,-3585.350513413886,-6.032286541628237
egocentric,4.390679727324715,0.0026596175217165033,0.001260386854264923,0.0001979605004441296,-3586.30105554918,-7.418580902748128
egocentric,4.390679727324715,0.0026596175217165033,0.001260386854264923,0.00017522653102324754,-3586.2107548606505,-8.517193191416238
egocentric,4.390679727324715,0.0026596175217165033,0.0012633894614039935,0.00017522653102324754,-3586.2160268568227,-6.571283042360924
egocentric,4.390679727324715,0.00459979159421532,0.0012633894614039935,0.00017522653102324754,-3587.3370485419614,-7.418580902748128
egocentric,4.390679727324715,0.00459979159421532,0.00017263360480326088,0.00017522653102324754,-3585.430706349734,-6.907755278982137
egocentric,5.390144751696461,0.00459979159421532,0.00017263360480326088,0.00017522653102324754,-3585.106950874504,-8.517193191416238
egocentric,5.289141985773348,0.00459979159421532,0.00017263360480326088,0.00017522653102324754,-3584.837478711746,-7.1308988302963465
egocentric,5.289141985773348,0.0033139759310861104,0.00017263360480326088,0.00017522653102324754,-3583.957427969398,-6.725433722188183
egocentric,5.289141985773348,0.0007592419036070425,0.00017263360480326088,0.00017522653102324754,-3582.266560818358,-6.907755278982137
egocentric,4.920201606772015,0.0007592419036070425,0.00017263360480326088,0.00017522653102324754,-3581.9479574170086,-6.214608098422191
egocentric,5.1475380109670335,0.0007592419036070425,0.00017263360480326088,0.00017522653102324754,-3582.0451451843624,-5.744604469176456
egocentric,5.1475380109670335,0.0008535275601035721,0.00017263360480326088,0.00017522653102324754,-3582.104805169499,-7.1308988302963465
egocentric,4.868628618143397,0.0008535275601035721,0.00017263360480326088,0.00017522653102324754,-3582.031493684994,-6.032286541628237
egocentric,5.984429229779056,0.0008535275601035721,0.00017263360480326088,0.00017522653102324754,-3584.8428020932297,-7.824046010856292
egocentric,6.318396083751892,0.0008535275601035721,0.00017263360480326088,0.00017522653102324754,-3586.698089603086,-8.517193191416238
egocentric,6.318396083751892,0.0015059729942948031,0.00017263360480326088,0.00017522653102324754,-3587.196439538482,-6.319968614080018
egocentric,4.434786822239029,0.0015059729942948031,0.00017263360480326088,0.00017522653102324754,-3583.4533656177528,-6.725433722188183
egocentric,4.919284295958515,0.0015059729942948031,0.00017263360480326088,0.00017522653102324754,-3582.405818595377,-4.933674252960127
egocentric,5.044372633859112,0.0015059729942948031,0.00017263360480326088,0.00017522653102324754,-3582.426616986494,-5.809142990314028
egocentric,5.245102327692211,0.0015059729942948031,0.00017263360480326088,0.00017522653102324754,-3582.6682457582474,-6.214608098422191
egocentric,5.0814160323558495,0.0015059729942948031,0.00017263360480326088,0.00017522653102324754,-3582.4525939724363,-7.824046010856292
egocentric,4.695788150207509,0.0015059729942948031,0.00017263360480326088,0.00017522653102324754,-3582.6488712261184,-6.214608098422191
egocentric,4.481690232736186,0.0015059729942948031,0.00017263360480326088,0.00017522653102324754,-3583.263352604572,-5.952243833954701
egocentric,4.67523628360179,0.0015059729942948031,0.00017263360480326088,0.00017522653102324754,-3582.6907822687044,-6.437751649736401
egocentric,4.736852249597281,0.0015059729942948031,0.00017263360480326088,0.00017522653102324754,-3582.5753954131424,-6.437751649736401
egocentric,6.073389801421476,0.0015059729942948031,0.00017263360480326088,0.00017522653102324754,-3585.7835363218683,-5.521460917862246
egocentric,5.975154291564986,0.0015059729942948031,0.00017263360480326088,0.00017522653102324754,-3585.2698756798873,-7.824046010856292
egocentric,5.0041068702982185,0.0015059729942948031,0.00017263360480326088,0.00017522653102324754,-3582.408458499318,-6.571283042360924
egocentric,4.955464102190101,0.0015059729942948031,0.00017263360480326088,0.00017522653102324754,-3582.400920779177,-8.517193191416238
egocentric,5.18229515017898,0.0015059729942948031,0.00017263360480326088,0.00017522653102324754,-3582.5666396505417,-5.952243833954701
egocentric,4.550971908911777,0.0015059729942948031,0.00017263360480326088,0.00017522653102324754,-3583.0202556368286,-8.517193191416238
egocentric,4.828336328646051,0.0015059729942948031,0.00017263360480326088,0.00017522653102324754,-3582.4592783700905,-6.437751649736401
egocentric,4.480650926667635,0.0015059729942948031,0.00017263360480326088,0.00017522653102324754,-3583.2673370788516,-7.824046010856292
egocentric,4.159946865136903,0.0015059729942948031,0.00017263360480326088,0.00017522653102324754,-3585.0165710221813,-6.725433722188183
egocentric,4.71183988609691,0.0015059729942948031,0.00017263360480326088,0.00017522653102324754,-3582.6185340851457,-5.083205986931091
egocentric,5.38554197376854,0.0015059729942948031,0.00017263360480326088,0.00017522653102324754,-3582.974847864175,-6.571283042360924
egocentric,5.38554197376854,0.00041528107053862267,0.00017263360480326088,0.00017522653102324754,-3582.2557136997734,-5.259096653394756
egocentric,5.041227402999049,0.00041528107053862267,0.00017263360480326088,0.00017522653102324754,-3581.744779219596,-6.907755278982137
egocentric,4.8669906687783415,0.00041528107053862267,0.00017263360480326088,0.00017522653102324754,-3581.7686320803355,-8.517193191416238
egocentric,4.67254849488478,0.00041528107053862267,0.00017263360480326088,0.00017522653102324754,-3582.0573621885383,-7.1308988302963465
egocentric,4.67254849488478,0.001458819206332876,0.00017263360480326088,0.00017522653102324754,-3582.6686610107863,-8.517193191416238
egocentric,5.116154049661123,0.001458819206332876,0.00017263360480326088,0.00017522653102324754,-3582.454793644298,-8.517193191416238
egocentric,4.735951755123259,0.001458819206332876,0.00017263360480326088,0.00017522653102324754,-3582.548695661046,-6.319968614080018
egocentric,4.735951755123259,0.005648580722031873,0.0007744471728511781,0.00017522653102324754,-3586.2595482632028,-6.725433722188183
egocentric,4.889840016940807,0.005648580722031873,0.0007744471728511781,0.00017522653102324754,-3586.20471865232,-6.437751649736401
egocentric,5.620746421961676,0.005648580722031873,0.0007744471728511781,0.00017522653102324754,-3588.0133199813613,-5.521460917862246
egocentric,5.620746421961676,0.004165167660800588,0.0007744471728511781,0.00017522653102324754,-3586.9234432108574,-8.517193191416238
egocentric,4.610761111413796,0.004165167660800588,0.0007744471728511781,0.00017522653102324754,-3585.53180637121,-5.572754212249797
egocentric,4.55072704613911,0.004165167660800588,0.0007744471728511781,0.00017522653102324754,-3585.677304385598,-6.437751649736401
egocentric,5.210272105655041,0.004165167660800588,0.0007744471728511781,0.00017522653102324754,-3585.6045160819654,-5.744604469176456
egocentric,5.058492057338881,0.004165167660800588,0.0007744471728511781,0.00017522653102324754,-3585.351875326615,-6.032286541628237
egocentric,5.42997142412301,0.004165167660800588,0.0007744471728511781,0.00017522653102324754,-3586.2043319468958,-8.517193191416238
egocentric,4.617227094553192,0.004165167660800588,0.0007744471728511781,0.00017522653102324754,-3585.5180161097846,-8.517193191416238
egocentric,5.162310183821709,0.004165167660800588,0.0007744471728511781,0.00017522653102324754,-3585.5095398527756,-6.725433722188183
egocentric,4.638471120579014,0.004165167660800588,0.0007744471728511781,0.00017522653102324754,-3585.4752338723642,-5.952243833954701
egocentric,4.638471120579014,0.0005038708265754904,0.0007744471728511781,0.00017522653102324754,-3583.3009902716185,-6.319968614080018
egocentric,4.638471120579014,0.0004943446263938065,0.0007744471728511781,0.00017522653102324754,-3583.2954921123987,-7.1308988302963465
egocentric,4.638471120579014,0.0010403524545717336,0.0007744471728511781,0.00017522653102324754,-3583.611957117402,-6.907755278982137
egocentric,5.608829559330512,0.0010403524545717336,0.0007744471728511781,0.00017522653102324754,-3584.6773985466634,-5.051457288616511
egocentric,5.608829559330512,0.0003998630517922774,0.0007744471728511781,0.00017522653102324754,-3584.2431320314117,-7.418580902748128
egocentric,5.608829559330512,0.0003998630517922774,0.001170355066042047,0.00017522653102324754,-3585.121111780241,-7.418580902748128
egocentric,5.193113449226384,0.0003998630517922774,0.001170355066042047,0.00017522653102324754,-3583.9270317648493,-8.517193191416238
egocentric,5.193113449226384,0.0003998630517922774,0.001150566544040008,0.00017522653102324754,-3583.886233100279,-5.952243833954701
egocentric,5.144991592612879,0.0003998630517922774,0.001150566544040008,0.00017522653102324754,-3583.8087370594612,-8.517193191416238
egocentric,5.473995012275907,0.0003998630517922774,0.001150566544040008,0.00017522653102324754,-3584.595814594854,-5.952243833954701
egocentric,5.553320328113797,0.0003998630517922774,0.001150566544040008,0.00017522653102324754,-3584.8688260200643,-7.824046010856292
egocentric,4.449557561088678,0.0003998630517922774,0.001150566544040008,0.00017522653102324754,-3584.5054879023764,-8.517193191416238
egocentric,4.2084892698938345,0.0003998630517922774,0.001150566544040008,0.00017522653102324754,-3585.7338207426515,-8.517193191416238
egocentric,5.228472217440741,0.0003998630517922774,0.001150566544040008,0.00017522653102324754,-3583.951845397091,-6.214608098422191
egocentric,5.402572524542964,0.0003998630517922774,0.001150566544040008,0.00017522653102324754,-3584.376080714549,-7.1308988302963465
egocentric,5.293989404109366,0.0003998630517922774,0.001150566544040008,0.00017522653102324754,-3584.0921991301443,-7.1308988302963465
egocentric,4.9678815720830345,0.0003998630517922774,0.001150566544040008,0.00017522653102324754,-3583.647737005571,-7.1308988302963465
egocentric,4.9678815720830345,0.0003998630517922774,0.001424520978491113,0.00017522653102324754,-3584.1895382350713,-7.418580902748128
egocentric,5.052310961531281,0.0003998630517922774,0.001424520978491113,0.00017522653102324754,-3584.249919801066,-5.8781358618009785
egocentric,5.613311570592065,0.0003998630517922774,0.001424520978491113,0.00017522653102324754,-3585.7037538246973,-6.319968614080018
egocentric,5.762044150364135,0.0003998630517922774,0.001424520978491113,0.00017522653102324754,-3586.3463727871767,-6.907755278982137
egocentric,5.620795544035525,0.0003998630517922774,0.001424520978491113,0.00017522653102324754,-3585.7338337031847,-5.744604469176456
egocentric,5.620795544035525,0.0003998630517922774,0.0007184928253922823,0.00017522653102324754,-3584.1639627188993,-8.517193191416238
egocentric,5.602442155138149,0.0003998630517922774,0.0007184928253922823,0.00017522653102324754,-3584.0955860680942,-5.572754212249797
egocentric,5.602442155138149,0.005464584635155796,0.0007184928253922823,0.00017522653102324754,-3587.6743646584882,-7.1308988302963465
egocentric,5.602442155138149,0.006316157298410004,0.0007184928253922823,0.00017522653102324754,-3588.3092742513973,-7.418580902748128
egocentric,5.0242468709211,0.006316157298410004,0.0007184928253922823,0.00017522653102324754,-3586.6362465884076,-5.744604469176456
egocentric,5.0242468709211,0.006316157298410004,0.0009780820363469397,0.00017522653102324754,-3587.1502347958653,-6.437751649736401
egocentric,4.506456757003288,0.006316157298410004,0.0009780820363469397,0.00017522653102324754,-3587.4710362813294,-7.824046010856292
egocentric,5.1672497955587975,0.006316157298410004,0.0009780820363469397,0.00017522653102324754,-3587.4020260067323,-8.517193191416238
egocentric,5.436594924033232,0.006316157298410004,0.0009780820363469397,0.00017522653102324754,-3588.20128995119,-5.952243833954701
egocentric,5.436594924033232,0.0005776565338410295,0.0009780820363469397,0.00017522653102324754,-3584.2229383673357,-6.119297918617867
egocentric,5.436594924033232,0.0005776565338410295,0.00006324409356807964,0.00017522653102324754,-3582.2598095328667,-8.517193191416238
egocentric,5.364034273737946,0.0005776565338410295,0.00006324409356807964,0.00017522653102324754,-3582.078978866019,-8.517193191416238
egocentric,5.3108126290345785,0.0005776565338410295,0.00006324409356807964,0.00017522653102324754,-3581.9637382527817,-5.952243833954701
egocentric,5.486802400346836,0.0005776565338410295,0.00006324409356807964,0.00017522653102324754,-3582.4003302702336,-6.571283042360924
egocentric,5.215403181405578,0.0005776565338410295,0.00006324409356807964,0.00017522653102324754,-3581.795867682708,-6.571283042360924
egocentric,5.255474670583535,0.0005776565338410295,0.00006324409356807964,0.00017522653102324754,-3581.8601700295612,-5.381698975487088
egocentric,5.255474670583535,0.00006722911338626448,0.00006324409356807964,0.00017522653102324754,-3581.534211961649,-7.824046010856292
egocentric,5.2305831652325825,0.00006722911338626448,0.00006324409356807964,0.00017522653102324754,-3581.4944846915623,-7.418580902748128
egocentric,5.678444637434554,0.00006722911338626448,0.00006324409356807964,0.00017522653102324754,-3582.6964386311993,-6.437751649736401
egocentric,4.81905018227946,0.00006722911338626448,0.00006324409356807964,0.00017522653102324754,-3581.397215162969,-6.907755278982137
egocentric,4.729660431551287,0.00006722911338626448,0.00006324409356807964,0.00017522653102324754,-3581.5329135440243,-6.437751649736401
egocentric,4.516004566752973,0.00020611566442387035,0.00006324409356807964,0.00017522653102324754,-3582.2005820979225,-5.744604469176456
egocentric,5.256745660248733,0.00020611566442387035,0.00006324409356807964,0.00017522653102324754,-3581.624745958299,-7.1308988302963465
egocentric,5.144294597906795,0.00020611566442387035,0.00006324409356807964,0.00017522653102324754,-3581.471348644506,-5.472670753692815
egocentric,5.840328099077205,0.00020611566442387035,0.00006324409356807964,0.00017522653102324754,-3583.450557695318,-6.571283042360924
egocentric,4.241467544336327,0.00020611566442387035,0.00006324409356807964,0.00017522653102324754,-3583.5777324307614,-7.418580902748128
egocentric,4.774843372408227,0.00020611566442387035,0.00006324409356807964,0.00017522653102324754,-3581.5383591515088,-6.907755278982137
egocentric,4.925605295171511,0.00020611566442387035,0.00006324409356807964,0.00017522653102324754,-3581.39733386845,-7.824046010856292
egocentric,5.626635585673024,0.00020611566442387035,0.00006324409356807964,0.00017522653102324754,-3582.6024992079642,-7.418580902748128
egocentric,5.162490104343439,0.00020611566442387035,0.00006324409356807964,0.00017522653102324754,-3581.491134994509,-7.418580902748128
egocentric,5.441351574449688,0.00020611566442387035,0.00006324409356807964,0.00017522653102324754,-3582.0279403272407,-6.119297918617867
egocentric,4.7081645753688,0.00020611566442387035,0.00006324409356807964,0.00017522653102324754,-3581.65574124292,-7.824046010856292
egocentric,4.7081645753688,0.00013861598814487948,0.00006324409356807964,0.00017522653102324754,-3581.6164258369768,-7.418580902748128
egocentric,4.7081645753688,0.000154608088068595,0.00006324409356807964,0.00017522653102324754,-3581.6257366382583,-7.824046010856292
egocentric,5.779987805490899,0.000154608088068595,0.00006324409356807964,0.00017522653102324754,-3583.156884723554,-6.725433722188183
egocentric,5.390016974444803,0.000154608088068595,0.00006324409356807964,0.00017522653102324754,-3581.8644442400764,-6.032286541628237
egocentric,5.390016974444803,0.000154608088068595,0.0008197985781012988,0.00017522653102324754,-3583.47474686502,-8.517193191416238
egocentric,5.514447540118238,0.000154608088068595,0.0008197985781012988,0.00017522653102324754,-3583.8471951731644,-6.214608098422191
egocentric,6.0331613417729635,0.000154608088068595,0.0008197985781012988,0.00017522653102324754,-3586.1231552460845,-6.319968614080018
egocentric,5.6121936710340385,0.000154608088068595,0.0008197985781012988,0.00017522653102324754,-3584.1913348559156,-4.990832666800076
egocentric,4.793365286362001,0.000154608088068595,0.0008197985781012988,0.00017522653102324754,-3582.9219419970127,-5.683979847360021
egocentric,5.496697821551983,0.000154608088068595,0.0008197985781012988,0.00017522653102324754,-3583.7894536500626,-5.683979847360021
egocentric,5.496697821551983,0.000154608088068595,0.0008197985781012988,0.000019360768879292158,-3583.011857067388,-6.319968614080018
egocentric,4.919454635048092,0.000154608088068595,0.0008197985781012988,0.000019360768879292158,-3582.1499251496257,-6.725433722188183
egocentric,4.659224633220895,0.000154608088068595,0.0008197985781012988,0.000019360768879292158,-3582.479559749873,-6.725433722188183
egocentric,4.1794071682469625,0.000154608088068595,0.0008197985781012988,0.000019360768879292158,-3584.649394550692,-6.214608098422191
egocentric,5.8755433964514845,0.000154608088068595,0.0008197985781012988,0.000019360768879292158,-3584.489462250737,-7.824046010856292
egocentric,5.410014420513419,0.000154608088068595,0.0008197985781012988,0.000019360768879292158,-3582.764201221607,-5.184988681241034
egocentric,4.5403308975896035,0.000154608088068595,0.0008197985781012988,0.000019360768879292158,-3582.8127144633695,-7.1308988302963465
egocentric,4.833511564822907,0.000154608088068595,0.001119987544198793,0.000019360768879292158,-3582.7796470218536,-5.952243833954701
egocentric,5.362889056274935,0.000154608088068595,0.001119987544198793,0.000019360768879292158,-3583.283238418264,-6.319968614080018
egocentric,4.274065252290172,0.000154608088068595,0.001119987544198793,0.000019360768879292158,-3584.5519237554513,-6.119297918617867
egocentric,5.276978558161838,0.000154608088068595,0.001119987544198793,0.000019360768879292158,-3583.0869573446566,-6.725433722188183
egocentric,5.276978558161838,0.000154608088068595,0.0014653148622033368,0.000019360768879292158,-3583.81076360355,-4.961845129926823
egocentric,5.276978558161838,0.002329785759383624,0.0014653148622033368,0.000019360768879292158,-3585.2202321339587,-6.725433722188183
egocentric,4.71745093261563,0.002329785759383624,0.0014653148622033368,0.000019360768879292158,-3584.8596934186,-6.319968614080018
egocentric,4.71745093261563,0.002329785759383624,0.000021898389000614553,0.000019360768879292158,-3582.1548198771693,-6.437751649736401
egocentric,4.60218153693744,0.002329785759383624,0.000021898389000614553,0.000019360768879292158,-3582.42779980336,-6.725433722188183
egocentric,5.05524504956017,0.002329785759383624,0.000021898389000614553,0.000019360768879292158,-3581.941918109765,-5.339139361068292
egocentric,5.05524504956017,0.0015604051961680841,0.000021898389000614553,0.000019360768879292158,-3581.452549255676,-5.952243833954701
egocentric,5.185340390662516,0.0015604051961680841,0.000021898389000614553,0.000019360768879292158,-3581.5650830182117,-6.725433722188183
egocentric,5.262340403420347,0.0015604051961680841,0.000021898389000614553,0.000019360768879292158,-3581.6792243123173,-7.418580902748128
egocentric,5.259274655314439,0.0015604051961680841,0.000021898389000614553,0.000019360768879292158,-3581.6740343481533,-6.032286541628237
egocentric,4.681955897297123,0.0015604051961680841,0.000021898389000614553,0.000019360768879292158,-3581.76814855663,-6.032286541628237
egocentric,5.300416727509663,0.0015604051961680841,0.000021898389000614553,0.000019360768879292158,-3581.7480307564942,-7.418580902748128
egocentric,5.0270078698534,0.0015604051961680841,0.000021898389000614553,0.000019360768879292158,-3581.442165472447,-5.298317366548036
egocentric,4.750241540727694,0.0015604051961680841,0.000021898389000614553,0.000019360768879292158,-3581.632584968758,-7.824046010856292
egocentric,5.628653738186006,0.0015604051961680841,0.000021898389000614553,0.000019360768879292158,-3582.648869508022,-8.517193191416238
egocentric,4.344123974256538,0.0015604051961680841,0.000021898389000614553,0.000019360768879292158,-3583.0383841266703,-7.824046010856292
egocentric,4.344123974256538,0.0020396351938458245,0.000021898389000614553,0.000019360768879292158,-3583.3070115284463,-6.571283042360924
egocentric,4.4859839352502275,0.0020396351938458245,0.000021898389000614553,0.000019360768879292158,-3582.6519229029936,-6.725433722188183
egocentric,4.4859839352502275,0.0027894496093516055,0.000021898389000614553,0.000019360768879292158,-3583.08698177096,-7.824046010856292
egocentric,5.742113827026546,0.0027894496093516055,0.000021898389000614553,0.000019360768879292158,-3583.9539003659565,-8.517193191416238
egocentric,4.2562305374828755,0.0027894496093516055,0.000021898389000614553,0.000019360768879292158,-3584.232558059015,-6.725433722188183
egocentric,4.363069337422438,0.0027894496093516055,0.000021898389000614553,0.000019360768879292158,-3583.633443412458,-7.1308988302963465
egocentric,5.3844111392999725,0.0027894496093516055,0.000021898389000614553,0.000019360768879292158,-3582.7565942429346,-7.824046010856292
egocentric,5.3844111392999725,0.0001732914949814537,0.000021898389000614553,0.000019360768879292158,-3581.0138121247674,-7.418580902748128
egocentric,4.6012551686205265,0.0001732914949814537,0.000021898389000614553,0.000019360768879292158,-3581.1755272534297,-5.572754212249797
egocentric,5.44202471086683,0.0001732914949814537,0.000021898389000614553,0.000019360768879292158,-3581.1496508415166,-5.626821433520073
egocentric,4.592797549367269,0.0001732914949814537,0.000021898389000614553,0.000019360768879292158,-3581.2019037065024,-5.952243833954701
egocentric,5.8575714411581625,0.0001732914949814537,0.000021898389000614553,0.000019360768879292158,-3582.579544375354,-6.725433722188183
egocentric,4.786547519035513,0.0001732914949814537,0.000021898389000614553,0.000019360768879292158,-3580.7473272381944,-5.952243833954701
egocentric,5.435534419285949,0.0001732914949814537,0.000021898389000614553,0.000019360768879292158,-3581.1335151991434,-5.809142990314028
egocentric,5.435534419285949,0.0011804733305323014,0.000021898389000614553,0.000019360768879292158,-3581.7999840738767,-5.221356325411908
egocentric,5.435534419285949,0.003501986833212779,0.000021898389000614553,0.000019360768879292158,-3583.38402884808,-7.1308988302963465
egocentric,4.626012511247276,0.003501986833212779,0.000021898389000614553,0.000019360768879292158,-3583.0649176079696,-5.744604469176456
egocentric,5.16881404025722,0.003501986833212779,0.000021898389000614553,0.000019360768879292158,-3582.8165766113425,-5.952243833954701
egocentric,5.16881404025722,0.0006998595060733211,0.000021898389000614553,0.000019360768879292158,-3580.995061292978,-7.824046010856292
egocentric,5.38991645100995,0.0006998595060733211,0.000021898389000614553,0.000019360768879292158,-3581.3704554180536,-6.319968614080018
egocentric,5.38991645100995,0.0009713391062654338,0.000021898389000614553,0.000019360768879292158,-3581.549329592198,-7.824046010856292
egocentric,5.5953306933988305,0.0009713391062654338,0.000021898389000614553,0.000019360768879292158,-3582.129853217857,-5.339139361068292
egocentric,4.396040220526454,0.0009713391062654338,0.000021898389000614553,0.000019360768879292158,-3582.442414805746,-5.8781358618009785
egocentric,4.707838711956702,0.0009713391062654338,0.000021898389000614553,0.000019360768879292158,-3581.3630959626025,-5.626821433520073
egocentric,4.707838711956702,0.0007168557624361319,0.000021898389000614553,0.000019360768879292158,-3581.213220894328,-5.115995809754082
egocentric,4.629415559595855,0.0007168557624361319,0.000021898389000614553,0.000019360768879292158,-3581.40604891703,-6.032286541628237
egocentric,4.629415559595855,0.0007168557624361319,0.00006017448241650337,0.000019360768879292158,-3581.476400431836,-7.418580902748128
egocentric,4.5628747388536395,0.0007168557624361319,0.00006017448241650337,0.000019360768879292158,-3581.6800038611013,-5.426150738057921
egocentric,4.485106018658906,0.0007168557624361319,0.00006017448241650337,0.000019360768879292158,-3581.9679737641395,-8.517193191416238
egocentric,4.691411627707372,0.0007168557624361319,0.00006017448241650337,0.000019360768879292158,-3581.3206440756035,-7.418580902748128
egocentric,4.691411627707372,0.003789552969278161,0.00006017448241650337,0.000019360768879292158,-3583.1652085433343,-7.824046010856292
egocentric,4.620045224145525,0.003789552969278161,0.00006017448241650337,0.000019360768879292158,-3583.324215638584,-6.725433722188183
egocentric,4.620045224145525,0.003658050109548042,0.00006017448241650337,0.000019360768879292158,-3583.2445160855436,-6.571283042360924
egocentric,4.620045224145525,0.001771627408988908,0.00006017448241650337,0.000019360768879292158,-3582.1184076847067,-8.517193191416238
egocentric,4.620045224145525,0.001864295897110727,0.00006017448241650337,0.000019360768879292158,-3582.1729763050803,-5.8781358618009785
egocentric,4.620045224145525,0.0025973930349421784,0.00006017448241650337,0.000019360768879292158,-3582.6073982182215,-6.571283042360924
egocentric,4.793656945336925,0.0025973930349421784,0.00006017448241650337,0.000019360768879292158,-3582.2701882137962,-7.1308988302963465
egocentric,4.411399069750123,0.0025973930349421784,0.00006017448241650337,0.000019360768879292158,-3583.3576961429285,-5.952243833954701
egocentric,4.411399069750123,0.00010052003977169036,0.00006017448241650337,0.000019360768879292158,-3581.9505054846936,-6.214608098422191
egocentric,5.531303232119284,0.00010052003977169036,0.00006017448241650337,0.000019360768879292158,-3581.427331709342,-7.824046010856292
egocentric,5.531303232119284,0.00010052003977169036,0.00010611074841948062,0.000019360768879292158,-3581.5273652106825,-6.907755278982137
egocentric,5.531303232119284,0.00010052003977169036,0.00010611074841948062,0.00008073868605457917,-3581.8355359453153,-7.418580902748128
egocentric,4.790851842591697,0.00010052003977169036,0.00010611074841948062,0.00008073868605457917,-3581.12412345268,-7.1308988302963465
egocentric,4.790851842591697,0.001231585661740303,0.00010611074841948062,0.00008073868605457917,-3581.7974764914898,-8.517193191416238
egocentric,4.600338304196665,0.001231585661740303,0.00010611074841948062,0.00008073868605457917,-3582.1983900516493,-6.725433722188183
egocentric,4.947779978300168,0.001231585661740303,0.00010611074841948062,0.00008073868605457917,-3581.677643996147,-6.571283042360924
egocentric,4.883207680943607,0.001231585661740303,0.00010611074841948062,0.00008073868605457917,-3581.705348876623,-5.339139361068292
egocentric,4.610597406858888,0.001231585661740303,0.00010611074841948062,0.00008073868605457917,-3582.1691206865466,-7.1308988302963465
egocentric,5.382393231085966,0.001231585661740303,0.00010611074841948062,0.00008073868605457917,-3582.1821950352573,-5.8781358618009785
egocentric,5.382393231085966,0.0021151779260015972,0.00010611074841948062,0.00008073868605457917,-3582.7724032497404,-7.1308988302963465
egocentric,5.127607976199963,0.0021151779260015972,0.00010611074841948062,0.00008073868605457917,-3582.3143093964923,-6.437751649736401
egocentric,5.250110195604371,0.0021151779260015972,0.00010611074841948062,0.00008073868605457917,-3582.488903671407,-5.952243833954701
egocentric,4.024150290437523,0.0021151779260015972,0.00010611074841948062,0.00008073868605457917,-3585.9731531567445,-6.725433722188183
egocentric,5.923639112847622,0.0021151779260015972,0.00010611074841948062,0.00008073868605457917,-3584.7955030227185,-8.517193191416238
egocentric,5.078648276589085,0.0021151779260015972,0.00010611074841948062,0.00008073868605457917,-3582.2698312164102,-6.032286541628237
egocentric,5.81194585630891,0.0021151779260015972,0.00010611074841948062,0.00008073868605457917,-3584.278030931309,-7.824046010856292
egocentric,5.2484048656054085,0.0021151779260015972,0.00010611074841948062,0.00008073868605457917,-3582.485875398531,-7.824046010856292
egocentric,4.951223356521658,0.0021151779260015972,0.00010611074841948062,0.00008073868605457917,-3582.2264609358167,-5.683979847360021
egocentric,4.7041061368821815,0.0021151779260015972,0.00010611074841948062,0.00008073868605457917,-3582.4700851194634,-6.437751649736401
egocentric,4.7041061368821815,0.0010234673837000456,0.00010611074841948062,0.00008073868605457917,-3581.820408471676,-6.907755278982137
egocentric,4.7041061368821815,0.0010234673837000456,0.00005229922001946749,0.00008073868605457917,-3581.720027731917,-6.032286541628237
egocentric,5.436078701978174,0.0010234673837000456,0.00005229922001946749,0.00008073868605457917,-3582.0644203055544,-8.517193191416238
egocentric,4.9766385318758335,0.0010234673837000456,0.00005229922001946749,0.00008073868605457917,-3581.439996174958,-6.907755278982137
egocentric,4.9766385318758335,0.0004905857214996925,0.00005229922001946749,0.00008073868605457917,-3581.112208718943,-6.437751649736401
egocentric,4.41497158820884,0.0004905857214996925,0.00005229922001946749,0.00008073868605457917,-3582.381318138656,-7.1308988302963465
egocentric,4.879718656734784,0.0004905857214996925,0.00005229922001946749,0.00008073868605457917,-3581.154525875942,-7.418580902748128
egocentric,4.879718656734784,0.0004905857214996925,0.0013111517883756878,0.00008073868605457917,-3583.594303172298,-7.418580902748128
egocentric,4.740316872814112,0.0004905857214996925,0.0013111517883756878,0.00008073868605457917,-3583.709267411146,-6.119297918617867
egocentric,5.406415559090102,0.0004905857214996925,0.0013111517883756878,0.00008073868605457917,-3584.3271463767273,-8.517193191416238
egocentric,4.26036566422789,0.0004905857214996925,0.0013111517883756878,0.00008073868605457917,-3585.3774361534142,-6.214608098422191
egocentric,5.2642247127727675,0.0004905857214996925,0.0013111517883756878,0.00008073868605457917,-3583.967658353552,-7.418580902748128
egocentric,5.2642247127727675,0.0004905857214996925,0.00030686428819207216,0.00008073868605457917,-3581.8742232264854,-7.1308988302963465
egocentric,4.800019359838106,0.0004905857214996925,0.00030686428819207216,0.00008073868605457917,-3581.724395487494,-5.744604469176456
egocentric,5.058915807709421,0.0004905857214996925,0.00030686428819207216,0.00008073868605457917,-3581.635448018121,-5.809142990314028
egocentric,5.257084306743212,0.0004905857214996925,0.00030686428819207216,0.00008073868605457917,-3581.861776578266,-7.824046010856292
egocentric,5.43294109820961,0.0004905857214996925,0.00030686428819207216,0.00008073868605457917,-3582.2482049385612,-7.824046010856292
egocentric,5.43294109820961,0.001348230387632847,0.00030686428819207216,0.00008073868605457917,-3582.817306381555,-5.8781358618009785
egocentric,5.43294109820961,0.0028660399820776127,0.00030686428819207216,0.00008073868605457917,-3583.8467755554925,-5.259096653394756
egocentric,4.644289296415836,0.0028660399820776127,0.00030686428819207216,0.00008073868605457917,-3583.418596015039,-6.214608098422191
egocentric,5.422631074882939,0.0028660399820776127,0.00030686428819207216,0.00008073868605457917,-3583.81702427697,-7.418580902748128
egocentric,5.422631074882939,0.0032367163031432155,0.00030686428819207216,0.00008073868605457917,-3584.0723352213818,-7.418580902748128
egocentric,4.839651067144272,0.0032367163031432155,0.00030686428819207216,0.00008073868605457917,-3583.359346418117,-7.1308988302963465
egocentric,4.839651067144272,0.0010701615489596178,0.00030686428819207216,0.00008073868605457917,-3582.028098692539,-5.683979847360021
egocentric,4.839651067144272,0.0010701615489596178,0.00030686428819207216,0.00016083180652842998,-3582.3793960566313,-5.809142990314028
egocentric,4.79057932759401,0.0010701615489596178,0.00030686428819207216,0.00016083180652842998,-3582.4298538520943,-6.214608098422191
egocentric,4.79057932759401,0.00698588694523292,0.00030686428819207216,0.00016083180652842998,-3586.14107758749,-7.824046010856292
egocentric,5.686913470147044,0.0031126098056202217,0.00030686428819207216,0.00016083180652842998,-3585.3291499767706,-8.517193191416238
egocentric,5.686913470147044,0.0031126098056202217,0.00009163519666098666,0.00016083180652842998,-3584.849511465093,-6.437751649736401
egocentric,5.228264454428464,0.0031126098056202217,0.00009163519666098666,0.00016083180652842998,-3583.461714684384,-8.517193191416238
egocentric,5.688226110372572,0.0031126098056202217,0.00009163519666098666,0.00016083180652842998,-3584.8548972092412,-7.1308988302963465
egocentric,4.558315988288733,0.0031126098056202217,0.00009163519666098666,0.00016083180652842998,-3583.7334407234166,-6.907755278982137
egocentric,5.536689936904766,0.0031126098056202217,0.00009163519666098666,0.00016083180652842998,-3584.2827791247323,-7.824046010856292
egocentric,5.1252389133740754,0.0031126098056202217,0.00009163519666098666,0.00016083180652842998,-3583.3037587986796,-5.572754212249797
egocentric,5.268539929223727,0.0031126098056202217,0.00009163519666098666,0.00016083180652842998,-3583.5402500651294,-5.744604469176456
egocentric,5.268539929223727,0.0010856831637058564,0.00009163519666098666,0.00016083180652842998,-3582.201329649384,-5.149897361429764
egocentric,5.268539929223727,0.0018013672168235059,0.00009163519666098666,0.00016083180652842998,-3582.668617260076,-6.725433722188183
egocentric,5.749460089963591,0.0018013672168235059,0.00009163519666098666,0.00016083180652842998,-3584.1712697655025,-6.214608098422191
egocentric,4.959392527435231,0.0018013672168235059,0.00009163519666098666,0.00016083180652842998,-3582.361342008283,-7.418580902748128
egocentric,5.82241692035734,0.0018013672168235059,0.00009163519666098666,0.00016083180652842998,-3584.4888312784087,-5.8781358618009785
egocentric,4.270976636609856,0.0018013672168235059,0.00009163519666098666,0.00016083180652842998,-3584.2575950797477,-7.1308988302963465
egocentric,4.636064621492216,0.0018013672168235059,0.00009163519666098666,0.00016083180652842998,-3582.7448552456312,-7.1308988302963465
egocentric,4.34049438583042,0.0018013672168235059,0.00009163519666098666,0.00016083180652842998,-3583.8688033218796,-7.1308988302963465
egocentric,5.581324795011378,0.0018013672168235059,0.00009163519666098666,0.00016083180652842998,-3583.5229681694204,-6.119297918617867
egocentric,5.581324795011378,0.0022402348691964004,0.00009163519666098666,0.00016083180652842998,-3583.8276112779645,-6.907755278982137
egocentric,5.581324795011378,0.002333470879808438,0.00009163519666098666,0.00016083180652842998,-3583.892655504238,-6.907755278982137
egocentric,4.7677081950526325,0.002333470879808438,0.00009163519666098666,0.00016083180652842998,-3582.814477480668,-5.472670753692815
egocentric,5.002126055304236,0.002333470879808438,0.00009163519666098666,0.00016083180652842998,-3582.7036597451383,-6.032286541628237
egocentric,5.002126055304236,0.0005325015649009541,0.00009163519666098666,0.00016083180652842998,-3581.578676166255,-7.418580902748128
egocentric,4.851887988832033,0.0005325015649009541,0.00009163519666098666,0.00016083180652842998,-3581.6319979690725,-6.214608098422191
egocentric,5.250951415884547,0.0005325015649009541,0.00009163519666098666,0.00016083180652842998,-3581.813717995063,-5.683979847360021
egocentric,5.250951415884547,0.0005761299527981219,0.00009163519666098666,0.00016083180652842998,-3581.8416733808476,-7.1308988302963465
egocentric,4.755844157489715,0.0005761299527981219,0.00009163519666098666,0.00016083180652842998,-3581.77773758096,-6.032286541628237
egocentric,4.566947123674716,0.003512267892985983,0.00009163519666098666,0.00016083180652842998,-3583.9462018740755,-8.517193191416238
egocentric,5.960301240388261,0.003512267892985983,0.00009163519666098666,0.00016083180652842998,-3586.4209404080525,-7.1308988302963465
egocentric,5.811724107758547,0.003512267892985983,0.00009163519666098666,0.00016083180652842998,-3585.6882615022805,-7.824046010856292
egocentric,4.758983432223158,0.003512267892985983,0.00009163519666098666,0.00016083180652842998,-3583.549837475106,-7.1308988302963465
egocentric,4.882765852215751,0.003512267892985983,0.00009163519666098666,0.00016083180652842998,-3583.4499262841655,-7.824046010856292
egocentric,4.784586924133439,0.003512267892985983,0.00009163519666098666,0.00016083180652842998,-3583.5196417437833,-6.119297918617867
egocentric,4.784586924133439,0.009163343995374945,0.00009163519666098666,0.00016083180652842998,-3587.1900882481273,-8.517193191416238
egocentric,5.4170363924513945,0.009163343995374945,0.00009163519666098666,0.00016083180652842998,-3588.3035034992986,-8.517193191416238
egocentric,5.4170363924513945,0.005293950003887103,0.00009163519666098666,0.00016083180652842998,-3585.4393497142014,-6.907755278982137
egocentric,4.323232595747314,0.005293950003887103,0.00009163519666098666,0.00016083180652842998,-3585.9585759539395,-6.907755278982137
egocentric,4.323232595747314,0.010625354904346377,0.00009163519666098666,0.00016083180652842998,-3589.1956258399377,-6.319968614080018
egocentric,5.5195338272734515,0.010625354904346377,0.00009163519666098666,0.00016083180652842998,-3589.854318117397,-6.725433722188183
egocentric,5.5195338272734515,0.0075939490819606666,0.00009163519666098666,0.00016083180652842998,-3587.495555413347,-8.517193191416238
egocentric,5.5195338272734515,0.0075939490819606666,0.00040048900734075514,0.00016083180652842998,-3588.1605845766003,-6.032286541628237
egocentric,5.077964644254521,0.0075939490819606666,0.00040048900734075514,0.00016083180652842998,-3586.893318704117,-6.725433722188183
egocentric,5.077964644254521,0.0075939490819606666,0.0003858985530215998,0.00016083180652842998,-3586.8642567729594,-7.824046010856292
egocentric,5.048467816863573,0.0075939490819606666,0.0003858985530215998,0.00016083180652842998,-3586.820384057868,-8.517193191416238
egocentric,5.048467816863573,0.000296417120549275,0.0003858985530215998,0.00016083180652842998,-3582.0348782499395,-5.626821433520073
egocentric,4.986807201808413,0.000296417120549275,0.0003858985530215998,0.00016083180652842998,-3582.013302032152,-5.184988681241034
egocentric,5.053174302044555,0.000296417120549275,0.0003858985530215998,0.00016083180652842998,-3582.0375446550097,-7.418580902748128
egocentric,6.382347280687284,0.000296417120549275,0.0003858985530215998,0.00016083180652842998,-3587.116896279042,-6.319968614080018
egocentric,6.11811871200074,0.000296417120549275,0.0003858985530215998,0.00016083180652842998,-3585.568486000442,-6.907755278982137
egocentric,5.478981556515537,0.000296417120549275,0.0003858985530215998,0.00016083180652842998,-3582.816189507024,-6.319968614080018
egocentric,5.478981556515537,0.000296417120549275,0.00011353592285769562,0.00016083180652842998,-3582.2280774554342,-5.521460917862246
egocentric,5.478981556515537,0.000296417120549275,0.00011353592285769562,0.00022144065270446683,-3582.529591852541,-7.824046010856292
egocentric,5.23527885683821,0.000296417120549275,0.00011353592285769562,0.00022144065270446683,-3581.9706863774873,-6.907755278982137
egocentric,6.1511513474066986,0.000296417120549275,0.00011353592285769562,0.00022144065270446683,-3585.4321709677633,-8.517193191416238
egocentric,6.1511513474066986,0.00020621595266346706,0.00011353592285769562,0.00022144065270446683,-3585.366263047068,-7.418580902748128
egocentric,4.730285753584601,0.00020621595266346706,0.00011353592285769562,0.00022144065270446683,-3581.9054934445553,-5.8781358618009785
egocentric,4.730285753584601,0.00023319352821766956,0.00011353592285769562,0.00022144065270446683,-3581.921272885297,-7.1308988302963465
egocentric,4.730285753584601,0.0014993566939974204,0.00011353592285769562,0.00022144065270446683,-3582.66958834134,-6.571283042360924
egocentric,4.730285753584601,0.0010576611590070886,0.00011353592285769562,0.00022144065270446683,-3582.406823266641,-6.437751649736401
egocentric,5.425689033046831,0.0010576611590070886,0.00011353592285769562,0.00022144065270446683,-3582.8837252821163,-6.725433722188183
egocentric,4.611188471691305,0.0010576611590070886,0.00011353592285769562,0.00022144065270446683,-3582.6675616706375,-6.032286541628237
egocentric,5.533719156834568,0.0010576611590070886,0.00011353592285769562,0.00022144065270446683,-3583.207476865279,-5.952243833954701
egocentric,5.533719156834568,0.0008160037965484849,0.00011353592285769562,0.00022144065270446683,-3583.0444035578935,-7.824046010856292
egocentric,5.364840856453087,0.0008160037965484849,0.00011353592285769562,0.00022144065270446683,-3582.5680853652325,-6.571283042360924
egocentric,4.9341118383618205,0.0008160037965484849,0.00011353592285769562,0.00022144065270446683,-3582.0700916064557,-6.437751649736401
egocentric,4.9341118383618205,0.0008160037965484849,0.00001377442724654992,0.00022144065270446683,-3581.875432670656,-7.824046010856292
egocentric,5.522389589943816,0.0008160037965484849,0.00001377442724654992,0.00022144065270446683,-3582.791467258263,-5.339139361068292
egocentric,4.805968375899107,0.0008160037965484849,0.00001377442724654992,0.00022144065270446683,-3581.9656898967405,-6.119297918617867
egocentric,4.877382394679513,0.0008160037965484849,0.00001377442724654992,0.00022144065270446683,-3581.9007086039364,-6.907755278982137
egocentric,4.877382394679513,0.0004548435148478994,0.00001377442724654992,0.00022144065270446683,-3581.682648903985,-6.214608098422191
egocentric,4.877382394679513,0.00047853276619014805,0.00001377442724654992,0.00022144065270446683,-3581.6969118612324,-5.8781358618009785
egocentric,4.877382394679513,0.00047853276619014805,0.001166103463239825,0.00022144065270446683,-3583.9280205209016,-6.119297918617867
egocentric,4.877382394679513,0.00001785763314427811,0.001166103463239825,0.00022144065270446683,-3583.6528715034333,-7.824046010856292
egocentric,4.877382394679513,0.00001785763314427811,0.001166103463239825,0.00017547908675140684,-3583.4496358272977,-7.1308988302963465
egocentric,5.214728309277332,0.00001785763314427811,0.001166103463239825,0.00017547908675140684,-3583.718062555158,-7.824046010856292
egocentric,5.293407978675659,0.00001785763314427811,0.001166103463239825,0.00017547908675140684,-3583.880901036047,-6.907755278982137
egocentric,5.383680445258301,0.00001785763314427811,0.001166103463239825,0.00017547908675140684,-3584.1093873340624,-6.571283042360924
egocentric,5.152292490271146,0.00001785763314427811,0.001166103463239825,0.00017547908675140684,-3583.6141798536623,-6.437751649736401
egocentric,4.367923275904115,0.00001785763314427811,0.001166103463239825,0.00017547908675140684,-3584.6734710557,-6.725433722188183
egocentric,5.681309113244792,0.00001785763314427811,0.001166103463239825,0.00017547908675140684,-3585.1471086847237,-6.571283042360924
egocentric,5.576255851938261,0.00001785763314427811,0.001166103463239825,0.00017547908675140684,-3584.73408545505,-8.517193191416238
egocentric,4.758704166560534,0.00001785763314427811,0.001166103463239825,0.00017547908675140684,-3583.541851419509,-6.119297918617867
egocentric,5.171509089903098,0.00001785763314427811,0.001166103463239825,0.00017547908675140684,-3583.643699256463,-5.381698975487088
egocentric,5.171509089903098,0.00001785763314427811,0.0013792226808917907,0.00017547908675140684,-3584.0818259255457,-7.418580902748128
egocentric,5.159593342110938,0.00001785763314427811,0.0013792226808917907,0.00017547908675140684,-3584.062295441322,-6.907755278982137
egocentric,5.266427143717719,0.00001785763314427811,0.0013792226808917907,0.00017547908675140684,-3584.2669794758485,-5.8781358618009785
egocentric,5.266427143717719,0.0006567685250320037,0.0013792226808917907,0.00017547908675140684,-3584.67357852563,-7.824046010856292
egocentric,5.057878878394467,0.0006567685250320037,0.0013792226808917907,0.00017547908675140684,-3584.324178820722,-6.032286541628237
egocentric,5.057878878394467,0.0006303444781749118,0.0013792226808917907,0.00017547908675140684,-3584.3078265152512,-6.319968614080018
egocentric,4.481815186544603,0.0006303444781749118,0.0013792226808917907,0.00017547908675140684,-3584.9258917800903,-8.517193191416238
egocentric,4.481815186544603,0.0004017343479572242,0.0013792226808917907,0.00017547908675140684,-3584.797666683367,-5.339139361068292
egocentric,4.481815186544603,0.0004017343479572242,0.002244879509305911,0.00017547908675140684,-3586.3548915471583,-5.952243833954701
egocentric,4.616467446811204,0.0004017343479572242,0.002244879509305911,0.00017547908675140684,-3586.0121188384055,-7.824046010856292
egocentric,5.273427269251553,0.0004017343479572242,0.002244879509305911,0.00017547908675140684,-3586.3444759291747,-6.214608098422191
egocentric,4.744021138800684,0.0004017343479572242,0.002244879509305911,0.00017547908675140684,-3585.831430445688,-7.1308988302963465
egocentric,4.744021138800684,0.0004017343479572242,0.0005729035561468116,0.00017547908675140684,-3582.6643028486405,-5.521460917862246
egocentric,4.744021138800684,0.003351847407106266,0.0005729035561468116,0.00017547908675140684,-3584.4374415568655,-7.418580902748128
egocentric,5.305605781155111,0.003351847407106266,0.0005729035561468116,0.00017547908675140684,-3584.8574662750116,-7.824046010856292
egocentric,5.002163275548443,0.003351847407106266,0.0005729035561468116,0.00017547908675140684,-3584.3711038603687,-5.259096653394756
egocentric,5.002163275548443,0.003351847407106266,0.0017095688697792441,0.00017547908675140684,-3586.624033216946,-6.907755278982137
egocentric,4.665621292107458,0.003351847407106266,0.0017095688697792441,0.00017547908675140684,-3586.667692329296,-7.1308988302963465
egocentric,4.564986352671554,0.003351847407106266,0.0017095688697792441,0.00017547908675140684,-3586.85524825325,-6.437751649736401
egocentric,4.564986352671554,0.003351847407106266,0.0006560170496095435,0.00017547908675140684,-3584.9390401346154,-6.907755278982137
egocentric,4.621738377083683,0.003351847407106266,0.0006560170496095435,0.00017547908675140684,-3584.800235766894,-7.418580902748128
egocentric,4.4265693215029005,0.003351847407106266,0.0006560170496095435,0.00017547908675140684,-3585.3999982605733,-6.907755278982137
egocentric,4.5397549651151765,0.003351847407106266,0.0006560170496095435,0.00017547908675140684,-3585.009893794124,-7.1308988302963465
egocentric,4.8116124161931415,0.003351847407106266,0.0006560170496095435,0.00017547908675140684,-3584.5309721455747,-6.119297918617867
egocentric,5.4401572408171015,0.003351847407106266,0.0006560170496095435,0.00017547908675140684,-3585.4181041032352,-6.571283042360924
egocentric,5.595308415940493,0.003351847407106266,0.0006560170496095435,0.00017547908675140684,-3585.975798401858,-7.418580902748128
egocentric,5.595308415940493,0.0020531845975231716,0.0006560170496095435,0.00017547908675140684,-3585.062905882909,-6.437751649736401
egocentric,4.2873301180428145,0.0020531845975231716,0.0006560170496095435,0.00017547908675140684,-3585.3241241998835,-7.1308988302963465
egocentric,5.136531049198113,0.0020531845975231716,0.0006560170496095435,0.00017547908675140684,-3583.84009666513,-7.418580902748128
egocentric,5.136531049198113,0.0006344150491675415,0.0006560170496095435,0.00017547908675140684,-3582.9372493566048,-6.907755278982137
egocentric,5.245221573204007,0.0006344150491675415,0.0006560170496095435,0.00017547908675140684,-3583.1083989438894,-6.437751649736401
egocentric,5.245221573204007,0.0010329594327992194,0.0006560170496095435,0.00017547908675140684,-3583.364222406974,-5.744604469176456
egocentric,5.362888899863818,0.0010329594327992194,0.0006560170496095435,0.00017547908675140684,-3583.6295663558544,-8.517193191416238
egocentric,5.362888899863818,0.0003100105548759797,0.0006560170496095435,0.00017547908675140684,-3583.158103215303,-6.571283042360924
egocentric,5.2137169784887165,0.0003100105548759797,0.0006560170496095435,0.00017547908675140684,-3582.8458536357393,-7.418580902748128
egocentric,5.070888801745542,0.0003100105548759797,0.0006560170496095435,0.00017547908675140684,-3582.6672030648283,-7.418580902748128
egocentric,5.027883748234822,0.0003100105548759797,0.0006560170496095435,0.00017547908675140684,-3582.6382435697433,-6.907755278982137
egocentric,5.027883748234822,0.0003100105548759797,0.0006560170496095435,0.0002664786474095397,-3583.053253594115,-5.8781358618009785
egocentric,4.742208987196256,0.0003100105548759797,0.0006560170496095435,0.0002664786474095397,-3583.1611928328234,-5.952243833954701
egocentric,4.772424950983757,0.0003100105548759797,0.0006560170496095435,0.0002664786474095397,-3583.1213153475896,-7.418580902748128
egocentric,5.061766029237336,0.0003100105548759797,0.0006560170496095435,0.0002664786474095397,-3583.0779076740887,-5.381698975487088
egocentric,5.458304993932315,0.0003100105548759797,0.0006560170496095435,0.0002664786474095397,-3583.870514973687,-6.725433722188183
egocentric,5.393686183346281,0.0003100105548759797,0.0006560170496095435,0.0002664786474095397,-3583.6829986635153,-6.725433722188183
egocentric,5.223162214653075,0.0003100105548759797,0.0006560170496095435,0.0002664786474095397,-3583.2932682041037,-8.517193191416238
egocentric,5.490674636598777,0.0003100105548759797,0.0006560170496095435,0.0002664786474095397,-3583.9721955629902,-5.521460917862246
egocentric,5.490674636598777,0.0003100105548759797,0.0012220734636728668,0.0002664786474095397,-3585.201854459115,-5.952243833954701
egocentric,5.720454899136367,0.0003100105548759797,0.0012220734636728668,0.0002664786474095397,-3586.111477368255,-6.907755278982137
egocentric,5.720454899136367,0.0003100105548759797,0.000013691512156142706,0.0002664786474095397,-3583.3859627383677,-5.8781358618009785
egocentric,4.179778156034993,0.0003100105548759797,0.000013691512156142706,0.0002664786474095397,-3584.31332763556,-5.572754212249797
egocentric,5.194043823465144,0.0003100105548759797,0.000013691512156142706,0.0002664786474095397,-3581.924333540326,-6.319968614080018
egocentric,4.555208244903629,0.0003100105548759797,0.000013691512156142706,0.0002664786474095397,-3582.4091852193483,-6.907755278982137
egocentric,5.332329376543581,0.0003100105548759797,0.000013691512156142706,0.0002664786474095397,-3582.1727109026597,-8.517193191416238
egocentric,4.557225166211764,0.0003100105548759797,0.000013691512156142706,0.0002664786474095397,-3582.40264924864,-6.214608098422191
egocentric,5.670287777271465,0.0003100105548759797,0.000013691512156142706,0.0002664786474095397,-3583.190697120756,-8.517193191416238
egocentric,4.8610815858930225,0.0003100105548759797,0.000013691512156142706,0.0002664786474095397,-3581.8063019731358,-5.744604469176456
egocentric,4.80221489566827,0.0003100105548759797,0.000013691512156142706,0.0002664786474095397,-3581.8647718325406,-6.319968614080018
egocentric,4.875560017349561,0.0003100105548759797,0.000013691512156142706,0.0002664786474095397,-3581.795834572572,-7.1308988302963465
egocentric,4.775903812953562,0.0003100105548759797,0.000013691512156142706,0.0002664786474095397,-3581.8993484659336,-6.907755278982137
egocentric,4.550700070416418,0.0003100105548759797,0.000013691512156142706,0.0002664786474095397,-3582.4239256827586,-8.517193191416238
egocentric,4.343748037715742,0.0003100105548759797,0.000013691512156142706,0.0002664786474095397,-3583.3055428710545,-6.319968614080018
egocentric,4.7143577327758575,0.0003100105548759797,0.000013691512156142706,0.0002664786474095397,-3582.001269747758,-6.571283042360924
egocentric,4.938703055216318,0.0003100105548759797,0.000013691512156142706,0.0002664786474095397,-3581.7677098436275,-7.418580902748128
egocentric,5.14805658863025,0.0003100105548759797,0.000013691512156142706,0.0002664786474095397,-3581.8660090402873,-8.517193191416238
egocentric,5.54151286711631,0.0003100105548759797,0.000013691512156142706,0.0002664786474095397,-3582.7392512917027,-7.418580902748128
egocentric,5.775239827125315,0.0003100105548759797,0.000013691512156142706,0.0002664786474095397,-3583.6109849910754,-6.907755278982137
egocentric,5.166007922133519,0.0003100105548759797,0.000013691512156142706,0.0002664786474095397,-3581.8872806263553,-7.824046010856292
egocentric,4.431268469404198,0.0003100105548759797,0.000013691512156142706,0.0002664786474095397,-3582.8824203152913,-6.907755278982137
egocentric,4.431268469404198,0.00020627521848282692,0.000013691512156142706,0.0002664786474095397,-3582.8247045429016,-7.1308988302963465
egocentric,5.507743703719902,0.00020627521848282692,0.000013691512156142706,0.0002664786474095397,-3582.5644605174534,-7.418580902748128
egocentric,5.739818908057708,0.00020627521848282692,0.000013691512156142706,0.0002664786474095397,-3583.392772907675,-7.1308988302963465
egocentric,5.928151975733593,0.00020627521848282692,0.000013691512156142706,0.0002664786474095397,-3584.227088292198,-6.907755278982137
egocentric,3.9186932493864024,0.00020627521848282692,0.000013691512156142706,0.0002664786474095397,-3586.512398380036,-5.683979847360021
egocentric,6.016390160437498,0.00020627521848282692,0.000013691512156142706,0.0002664786474095397,-3584.662492629005,-5.8781358618009785
egocentric,5.3425881180796555,0.00020627521848282692,0.000013691512156142706,0.0002664786474095397,-3582.128226095946,-7.1308988302963465
egocentric,5.035573150484184,0.00020627521848282692,0.000013691512156142706,0.0002664786474095397,-3581.714025501343,-6.214608098422191
egocentric,5.035573150484184,0.0005501831071386839,0.000013691512156142706,0.0002664786474095397,-3581.926212932859,-6.571283042360924
egocentric,4.667953929006699,0.0005501831071386839,0.000013691512156142706,0.0002664786474095397,-3582.237712977275,-8.517193191416238
egocentric,5.053383210376649,0.0005501831071386839,0.000013691512156142706,0.0002664786474095397,-3581.935272541834,-6.907755278982137
egocentric,5.026706064676419,0.0005501831071386839,0.000013691512156142706,0.0002664786474095397,-3581.92246973458,-7.824046010856292
egocentric,5.026706064676419,0.0005501831071386839,0.000386833116001702,0.0002664786474095397,-3582.664228647768,-4.56594947283481
egocentric,5.026706064676419,0.003848168998625509,0.000386833116001702,0.0002664786474095397,-3584.756963390764,-5.426150738057921
egocentric,4.821951591837581,0.003848168998625509,0.000386833116001702,0.0002664786474095397,-3584.7192080383165,-6.907755278982137
egocentric,4.821951591837581,0.0012519248307020165,0.000386833116001702,0.0002664786474095397,-3583.119660616893,-6.907755278982137
egocentric,5.146609215907229,0.0012519248307020165,0.000386833116001702,0.0002664786474095397,-3583.2181718009233,-5.184988681241034
egocentric,4.657191895823782,0.0012519248307020165,0.000386833116001702,0.0002664786474095397,-3583.3621363728007,-5.8781358618009785
egocentric,4.9362914131227615,0.0012519248307020165,0.000386833116001702,0.0002664786474095397,-3583.072453533513,-5.221356325411908
egocentric,4.644146837496602,0.0012519248307020165,0.000386833116001702,0.0002664786474095397,-3583.390715175634,-7.1308988302963465
egocentric,4.904812854895317,0.0012519248307020165,0.000386833116001702,0.0002664786474095397,-3583.076086114191,-7.824046010856292
egocentric,4.904812854895317,0.0009574712193007485,0.000386833116001702,0.0002664786474095397,-3582.8963562568756,-7.418580902748128
egocentric,5.194851982089858,0.0009574712193007485,0.000386833116001702,0.0002664786474095397,-3583.1021389843704,-8.517193191416238
egocentric,4.789206244390644,0.0009574712193007485,0.000386833116001702,0.0002664786474095397,-3582.9746592617644,-8.517193191416238
egocentric,4.214373746086727,0.0009574712193007485,0.000386833116001702,0.0002664786474095397,-3585.053593335335,-6.907755278982137
egocentric,4.559855452257189,0.0009574712193007485,0.000386833116001702,0.0002664786474095397,-3583.4410574125477,-7.824046010856292
egocentric,4.958792848670493,0.0009574712193007485,0.000386833116001702,0.0002664786474095397,-3582.8927274450007,-5.952243833954701
egocentric,5.879744139496323,0.0009574712193007485,0.000386833116001702,0.0002664786474095397,-3585.392227674041,-6.214608098422191
egocentric,5.879744139496323,0.0009692510616346173,0.000386833116001702,0.0002664786474095397,-3585.4006069362435,-6.571283042360924
egocentric,5.879744139496323,0.0011826306489680853,0.000386833116001702,0.0002664786474095397,-3585.5527354874152,-7.1308988302963465
egocentric,5.017406545966542,0.0011826306489680853,0.000386833116001702,0.0002664786474095397,-3583.0513126334795,-7.1308988302963465
egocentric,5.017406545966542,0.0004550460922238761,0.000386833116001702,0.0002664786474095397,-3582.600991611021,-8.517193191416238
egocentric,5.190716178255992,0.0004550460922238761,0.000386833116001702,0.0002664786474095397,-3582.7762564806135,-4.933674252960127
egocentric,4.6017736486845005,0.0004550460922238761,0.000386833116001702,0.0002664786474095397,-3583.0333539358035,-6.725433722188183
egocentric,5.161748630090771,0.0004550460922238761,0.000386833116001702,0.0002664786474095397,-3582.7341375847145,-6.725433722188183
egocentric,5.264381996685615,0.0004550460922238761,0.000386833116001702,0.0002664786474095397,-3582.9053102204243,-8.517193191416238
egocentric,4.474020193095976,0.0004550460922238761,0.000386833116001702,0.0002664786474095397,-3583.4493515700574,-7.824046010856292
egocentric,4.296442818418779,0.0004550460922238761,0.000386833116001702,0.0002664786474095397,-3584.2859875292947,-6.119297918617867
egocentric,6.9100590700097175,0.004365415604865321,0.000386833116001702,0.0002664786474095397,-3594.863529136326,-6.725433722188183
egocentric,6.6398103541218605,0.004365415604865321,0.000386833116001702,0.0002664786474095397,-3592.7796014206974,-6.319968614080018
egocentric,4.526191831146011,0.004365415604865321,0.000386833116001702,0.0002664786474095397,-3585.54315727703,-5.426150738057921
egocentric,4.781170306426084,0.004365415604865321,0.000386833116001702,0.0002664786474095397,-3585.072210297351,-8.517193191416238
egocentric,5.683282200902867,0.004365415604865321,0.000386833116001702,0.0002664786474095397,-3586.948943421463,-7.824046010856292
egocentric,5.189515278420097,0.004365415604865321,0.000386833116001702,0.0002664786474095397,-3585.3340623388854,-8.517193191416238
egocentric,5.018214535430144,0.004365415604865321,0.000386833116001702,0.0002664786474095397,-3585.0878699843693,-6.319968614080018
egocentric,5.018214535430144,0.0023266408817258343,0.000386833116001702,0.0002664786474095397,-3583.771239248546,-8.517193191416238
egocentric,5.018214535430144,0.0008499263791218512,0.000386833116001702,0.0002664786474095397,-3582.8451060996235,-7.418580902748128
egocentric,4.676310058168139,0.0008499263791218512,0.000386833116001702,0.0002664786474095397,-3583.0869724376244,-6.032286541628237
egocentric,5.076872761771649,0.0008499263791218512,0.0003307364330331182,0.0002664786474095397,-3582.773435308305,-6.907755278982137
egocentric,5.054307628763224,0.0008499263791218512,0.0003307364330331182,0.0002664786474095397,-3582.7555323130573,-6.907755278982137
egocentric,5.492663406524146,0.0008499263791218512,0.0003307364330331182,0.0002664786474095397,-3583.6327841666457,-7.418580902748128
egocentric,4.902400872976612,0.0008499263791218512,0.0003307364330331182,0.0002664786474095397,-3582.7226404413755,-6.119297918617867
egocentric,4.771287085322168,0.0008499263791218512,0.0003307364330331182,0.0002664786474095397,-3582.825585891402,-5.149897361429764
egocentric,4.190165492224379,0.0008499263791218512,0.0003307364330331182,0.0002664786474095397,-3585.061328373365,-6.437751649736401
egocentric,4.550192420228707,0.0008499263791218512,0.0003307364330331182,0.0002664786474095397,-3583.30733443051,-7.824046010856292
egocentric,5.066612995711238,0.0008499263791218512,0.0003307364330331182,0.0002664786474095397,-3582.764892935465,-4.990832666800076
egocentric,5.066612995711238,0.001144410606042839,0.0003307364330331182,0.0002664786474095397,-3582.9492437093663,-6.319968614080018
egocentric,5.066612995711238,0.0022591636063775465,0.0003307364330331182,0.0002664786474095397,-3583.6555705260366,-6.571283042360924
egocentric,5.2135541873232984,0.0022591636063775465,0.0003307364330331182,0.0002664786474095397,-3583.8616460144794,-6.571283042360924
egocentric,5.2135541873232984,0.0012732239617270608,0.0003307364330331182,0.0002664786474095397,-3583.220776341453,-8.517193191416238
egocentric,5.005486614572227,0.0012732239617270608,0.0003307364330331182,0.0002664786474095397,-3582.990672651088,-5.572754212249797
egocentric,4.60228241383835,0.0012732239617270608,0.0003307364330331182,0.0002664786474095397,-3583.4019365544536,-7.1308988302963465
egocentric,5.079211439737897,0.0012732239617270608,0.0003307364330331182,0.0002664786474095397,-3583.0413109474293,-5.809142990314028
egocentric,5.079211439737897,0.0014497640234687362,0.0003307364330331182,0.0002664786474095397,-3583.1527539682206,-7.418580902748128
egocentric,4.985094101067635,0.0014497640234687362,0.0003307364330331182,0.0002664786474095397,-3583.0926716370336,-6.571283042360924
egocentric,4.985094101067635,0.00001667235337451353,0.0003307364330331182,0.0002664786474095397,-3582.2115000927374,-6.907755278982137
egocentric,4.985094101067635,0.00001667235337451353,0.0008294745941061673,0.0002664786474095397,-3583.197791767748,-6.437751649736401
egocentric,5.184281992784092,0.00001667235337451353,0.0008294745941061673,0.0002664786474095397,-3583.399264271795,-6.214608098422191
egocentric,5.285174156314569,0.00001667235337451353,0.0008294745941061673,0.0002664786474095397,-3583.592488347633,-7.824046010856292
egocentric,5.285174156314569,0.00001667235337451353,0.00024210019586418574,0.0002664786474095397,-3582.3647329574346,-6.319968614080018
egocentric,4.6449314731371185,0.00001667235337451353,0.00024210019586418574,0.0002664786474095397,-3582.4054359094143,-8.517193191416238
egocentric,4.813580570143514,0.00001667235337451353,0.00024210019586418574,0.0002664786474095397,-3582.1135565525697,-6.119297918617867
egocentric,4.813580570143514,0.00001667235337451353,0.001945284638192488,0.0002664786474095397,-3585.380587765906,-6.319968614080018
egocentric,5.211552143707535,0.00001667235337451353,0.001945284638192488,0.0002664786474095397,-3585.7579737772026,-7.824046010856292
egocentric,5.322617878138486,0.00001667235337451353,0.001945284638192488,0.0002664786474095397,-3586.038167744502,-7.824046010856292
egocentric,5.162425938629623,0.00001667235337451353,0.001945284638192488,0.0002664786474095397,-3585.6565095564474,-8.517193191416238
egocentric,4.908309982674313,0.00001667235337451353,0.001945284638192488,0.0002664786474095397,-3585.373113183311,-5.809142990314028
egocentric,4.908309982674313,0.0014287263280080619,0.001945284638192488,0.0002664786474095397,-3586.2249629827297,-5.184988681241034
egocentric,4.908309982674313,0.0014287263280080619,0.0010840229337954659,0.0002664786474095397,-3584.541190059188,-6.319968614080018
egocentric,4.59182233558052,0.0014287263280080619,0.0010840229337954659,0.0002664786474095397,-3584.8974679491043,-4.990832666800076
egocentric,4.868669535189507,0.0014287263280080619,0.0010840229337954659,0.0002664786474095397,-3584.5437053194746,-6.907755278982137
egocentric,5.710561874928348,0.0014287263280080619,0.0010840229337954659,0.0002664786474095397,-3586.5272686632884,-6.725433722188183
egocentric,4.157752483173651,0.0014287263280080619,0.0010840229337954659,0.0002664786474095397,-3586.8525778407316,-5.8781358618009785
egocentric,5.940984616437591,0.0014287263280080619,0.0010840229337954659,0.0002664786474095397,-3587.664234006129,-5.744604469176456
egocentric,4.216316605063914,0.0014287263280080619,0.0010840229337954659,0.0002664786474095397,-3586.4740888477013,-7.824046010856292
egocentric,4.216316605063914,0.0008692132418034323,0.0010840229337954659,0.0002664786474095397,-3586.171545945158,-6.907755278982137
egocentric,4.1126554368429185,0.0008692132418034323,0.0010840229337954659,0.0002664786474095397,-3586.87409644249,-7.418580902748128
egocentric,4.389370161992944,0.0008692132418034323,0.0010840229337954659,0.0002664786474095397,-3585.261797508308,-7.418580902748128
egocentric,5.687633456020241,0.0008692132418034323,0.0010840229337954659,0.0002664786474095397,-3586.038984976683,-7.418580902748128
egocentric,4.928353794457957,0.0008692132418034323,0.0010840229337954659,0.0002664786474095397,-3584.2019637768976,-5.744604469176456
egocentric,5.083129350234504,0.0008692132418034323,0.0010840229337954659,0.0002664786474095397,-3584.3080029798393,-5.744604469176456
egocentric,5.083129350234504,0.0008692132418034323,0.000327762539891128,0.0002664786474095397,-3582.78507323766,-6.725433722188183
egocentric,5.082173919941957,0.0008692132418034323,0.000327762539891128,0.0002664786474095397,-3582.7842109591925,-7.824046010856292
egocentric,5.224798406461967,0.0008692132418034323,0.000327762539891128,0.0002664786474095397,-3582.9746445816577,-6.725433722188183
egocentric,4.387091904030562,0.0008692132418034323,0.000327762539891128,0.0002664786474095397,-3583.94593922445,-8.517193191416238
egocentric,5.562624489078606,0.0008692132418034323,0.000327762539891128,0.0002664786474095397,-3583.872062298326,-5.572754212249797
egocentric,4.181347227732391,0.0008692132418034323,0.000327762539891128,0.0002664786474095397,-3585.1267671288383,-5.952243833954701
egocentric,5.458952526716474,0.0008692132418034323,0.000327762539891128,0.0002664786474095397,-3583.53536875929,-6.571283042360924
egocentric,5.458952526716474,0.0008692132418034323,0.0003568108686298375,0.0002664786474095397,-3583.597855742541,-7.824046010856292
egocentric,5.11885091776778,0.0008692132418034323,0.0003568108686298375,0.0002664786474095397,-3582.8801782720357,-8.517193191416238
egocentric,5.11885091776778,0.000684641808166427,0.0003568108686298375,0.0002664786474095397,-3582.764098183197,-6.725433722188183
egocentric,4.440469358018534,0.000684641808166427,0.0003568108686298375,0.0002664786474095397,-3583.6588066537392,-7.824046010856292
egocentric,4.440469358018534,0.000684641808166427,0.0002040115126811296,0.0002664786474095397,-3583.3883860476676,-7.1308988302963465
egocentric,4.334031199823359,0.000684641808166427,0.0002040115126811296,0.0002664786474095397,-3583.8919838425973,-7.418580902748128
egocentric,5.3278172808142,0.000684641808166427,0.0002040115126811296,0.0002664786474095397,-3582.8052990362235,-7.418580902748128
egocentric,5.055682578009086,0.000684641808166427,0.0002040115126811296,0.0002664786474095397,-3582.4003150997696,-6.032286541628237
egocentric,4.827427844805081,0.000684641808166427,0.0002040115126811296,0.0002664786474095397,-3582.424279721731,-8.517193191416238
egocentric,5.489827523535998,0.000684641808166427,0.0002040115126811296,0.0002664786474095397,-3583.239510777369,-6.119297918617867
egocentric,5.368363539458942,0.000684641808166427,0.0002040115126811296,0.0002664786474095397,-3582.9013796732065,-6.725433722188183
egocentric,5.368363539458942,0.0006363626163509176,0.0002040115126811296,0.0002664786474095397,-3582.8698192528286,-6.119297918617867
egocentric,4.56925891137518,0.0006363626163509176,0.0002040115126811296,0.0002664786474095397,-3582.8966130305457,-6.571283042360924
egocentric,4.56925891137518,0.00044925587182224663,0.0002040115126811296,0.0002664786474095397,-3582.789616362394,-7.418580902748128
egocentric,5.241223041199143,0.00044925587182224663,0.0002040115126811296,0.0002664786474095397,-3582.4793242390415,-7.1308988302963465
egocentric,5.47233291446791,0.00044925587182224663,0.0002040115126811296,0.0002664786474095397,-3583.030164172846,-6.725433722188183
egocentric,5.116364970066058,0.00044925587182224663,0.0002040115126811296,0.0002664786474095397,-3582.3048441792057,-5.8781358618009785
egocentric,4.836187619071041,0.00044925587182224663,0.0002040115126811296,0.0002664786474095397,-3582.275668480944,-7.824046010856292
egocentric,4.6251851105551705,0.00044925587182224663,0.0002040115126811296,0.0002664786474095397,-3582.6332524237514,-7.824046010856292
egocentric,5.79139231110503,0.00044925587182224663,0.0002040115126811296,0.0002664786474095397,-3584.209314743922,-5.426150738057921
egocentric,6.009898354988301,0.000615776137009346,0.0002040115126811296,0.0002664786474095397,-3585.372324933895,-6.571283042360924
egocentric,4.217676336979781,0.000615776137009346,0.0002040115126811296,0.0002664786474095397,-3584.539543559563,-6.725433722188183
egocentric,4.7209602724889885,0.000615776137009346,0.0002040115126811296,0.0002664786474095397,-3582.5246183422882,-6.319968614080018
egocentric,5.505182973944842,0.000615776137009346,0.0002040115126811296,0.0002664786474095397,-3583.241427748244,-6.907755278982137
egocentric,5.505182973944842,0.000615776137009346,0.0001480208776705644,0.0002664786474095397,-3583.120085617759,-5.809142990314028
egocentric,5.555873178814229,0.000615776137009346,0.0001480208776705644,0.0002664786474095397,-3583.2846823230075,-6.214608098422191
egocentric,4.884245677121358,0.000615776137009346,0.0001480208776705644,0.0002664786474095397,-3582.2342537541026,-8.517193191416238
egocentric,4.852857489423527,0.000615776137009346,0.0001480208776705644,0.0002664786474095397,-3582.25436741069,-6.119297918617867
egocentric,4.627978934917623,0.000615776137009346,0.0001480208776705644,0.0002664786474095397,-3582.619369835311,-7.1308988302963465
egocentric,5.327337429586458,0.000615776137009346,0.0001480208776705644,0.0002664786474095397,-3582.641903854919,-7.418580902748128
egocentric,5.327337429586458,0.000615776137009346,0.0001480208776705644,0.0002805035404309589,-3582.7097336575885,-7.1308988302963465
egocentric,5.244633528894974,0.000615776137009346,0.0001480208776705644,0.0002805035404309589,-3582.5427554313605,-6.214608098422191
egocentric,5.244633528894974,0.000615776137009346,0.0002685469911712116,0.0002805035404309589,-3582.7921865213893,-6.725433722188183
egocentric,4.7891890820854,0.000615776137009346,0.0002685469911712116,0.0002805035404309589,-3582.607319888044,-5.115995809754082
egocentric,5.011283463067789,0.000615776137009346,0.0002685469911712116,0.0002805035404309589,-3582.5263440429057,-7.824046010856292
egocentric,4.720603824448262,0.000615776137009346,0.0002685469911712116,0.0002805035404309589,-3582.7061748723277,-5.952243833954701
egocentric,4.720603824448262,0.000615776137009346,0.0002685469911712116,0.00007251569355961217,-3581.8164274562255,-8.517193191416238
egocentric,5.03491699579844,0.000615776137009346,0.0002685469911712116,0.00007251569355961217,-3581.58800220202,-5.8781358618009785
egocentric,4.9406967112618165,0.000615776137009346,0.0002685469911712116,0.00007251569355961217,-3581.582562449702,-7.824046010856292
egocentric,5.707971652324449,0.000615776137009346,0.0002685469911712116,0.00007251569355961217,-3583.112775723058,-7.824046010856292
egocentric,5.707971652324449,0.0007079801641111253,0.0002685469911712116,0.00007251569355961217,-3583.1763391575078,-5.8781358618009785
egocentric,5.707971652324449,0.000547371122817016,0.0002685469911712116,0.00007251569355961217,-3583.065693622864,-6.119297918617867
egocentric,5.224981260423001,0.000547371122817016,0.0002685469911712116,0.00007251569355961217,-3581.7275128317033,-7.824046010856292
egocentric,5.352609905363839,0.000547371122817016,0.0002685469911712116,0.00007251569355961217,-3581.967513631328,-6.725433722188183
egocentric,5.645211723681637,0.000547371122817016,0.0002685469911712116,0.00007251569355961217,-3582.8299250247646,-6.571283042360924
egocentric,5.582086682219506,0.000547371122817016,0.0002685469911712116,0.00007251569355961217,-3582.6099511596826,-6.725433722188183
egocentric,5.617510380710477,0.000547371122817016,0.0002685469911712116,0.00007251569355961217,-3582.7312301046127,-6.032286541628237
egocentric,6.024225465360537,0.000547371122817016,0.0002685469911712116,0.00007251569355961217,-3584.488461920681,-5.626821433520073
egocentric,5.57365010603092,0.000547371122817016,0.0002685469911712116,0.00007251569355961217,-3582.5818960526976,-6.907755278982137
egocentric,4.404708435942605,0.000547371122817016,0.0002685469911712116,0.00007251569355961217,-3582.808583928082,-7.1308988302963465
egocentric,4.675975150538715,0.000547371122817016,0.0002685469911712116,0.00007251569355961217,-3581.8695571348726,-6.119297918617867
egocentric,5.1307509018052695,0.000547371122817016,0.0002685469911712116,0.00007251569355961217,-3581.60979154509,-7.1308988302963465
egocentric,5.19450706790989,0.000547371122817016,0.0002685469911712116,0.00007251569355961217,-3581.683717919717,-5.683979847360021
egocentric,5.463946387352033,0.000547371122817016,0.0002685469911712116,0.00007251569355961217,-3582.247142546875,-6.437751649736401
egocentric,4.697713444273544,0.000547371122817016,0.0002685469911712116,0.00007251569355961217,-3581.8220902700004,-6.725433722188183
egocentric,4.912148096007351,0.000547371122817016,0.0002685469911712116,0.00007251569355961217,-3581.5514050029306,-6.319968614080018
egocentric,5.578139140177115,0.000547371122817016,0.0002685469911712116,0.00007251569355961217,-3582.5967839000396,-7.1308988302963465
egocentric,5.578139140177115,0.0002467231635178168,0.0002685469911712116,0.00007251569355961217,-3582.394676237855,-6.907755278982137
