close_hidden,far_hidden,close_visible,far_visible,prob,MCMCprob
1.7542920762487904,1.712726846726193,1.7542920762487904,1.712726846726193,-3854.94238368106,-8.517193191416238
1.7747491059633282,1.7091596884998412,1.7747491059633282,1.7091596884998412,-3848.7113126862987,-7.824046010856292
1.780298005025805,1.7144257783945187,1.780298005025805,1.7144257783945187,-3838.676832597685,-8.517193191416238
1.7928993308897208,1.7263351263571929,1.7928993308897208,1.7263351263571929,-3814.468359114147,-7.824046010856292
1.920834944049652,1.7011501164630725,1.920834944049652,1.7011501164630725,-3805.2089531984116,-7.418580902748128
1.9102370706183265,1.70828431919013,1.9102370706183265,1.70828431919013,-3793.7662225244703,-7.1308988302963465
1.9097882484633122,1.707410316704917,1.9097882484633122,1.707410316704917,-3795.7202792398057,-8.517193191416238
1.926093122731138,1.7225902658422116,1.926093122731138,1.7225902658422116,-3763.5683331056175,-7.824046010856292
1.9451314943038922,1.7393682570551436,1.9451314943038922,1.7393682570551436,-3733.3657183544383,-7.824046010856292
1.9519288050009964,1.7456805768579935,1.9519288050009964,1.7456805768579935,-3722.894032901075,-7.1308988302963465
1.9705560822733195,1.762962056425077,1.9705560822733195,1.762962056425077,-3697.210103527483,-7.418580902748128
2.000686396441563,1.7635420393861367,2.000686396441563,1.7635420393861367,-3676.944377894059,-8.517193191416238
2.017490517307017,1.779258554889979,2.017490517307017,1.779258554889979,-3656.874290225601,-8.517193191416238
2.1240847047116818,1.7948290591927842,2.1240847047116818,1.7948290591927842,-3635.981822096466,-6.907755278982137
2.129593187348042,1.800254489545936,2.129593187348042,1.800254489545936,-3631.2479093565103,-6.437751649736401
2.1297466537752197,1.8023717525733265,2.1297466537752197,1.8023717525733265,-3626.444789947074,-7.418580902748128
2.1416642695154935,1.8141094494735124,2.1416642695154935,1.8141094494735124,-3617.3966934169657,-7.1308988302963465
2.141487002978749,1.8141252908340688,2.141487002978749,1.8141252908340688,-3617.2411376854757,-8.517193191416238
2.1178867956577836,1.8137761465634963,2.1178867956577836,1.8137761465634963,-3610.1393479740805,-7.824046010856292
2.1182447877779995,1.8158966181097271,2.1182447877779995,1.8158966181097271,-3605.275291476583,-6.319968614080018
2.1209930199560656,1.8161333523953784,2.1209930199560656,1.8161333523953784,-3605.217105853073,-6.437751649736401
2.121175803047297,1.817298585560744,2.121175803047297,1.817298585560744,-3602.571370803188,-5.426150738057921
2.1219155576466724,1.8173671431244167,2.1219155576466724,1.8173671431244167,-3602.5583498146493,-7.824046010856292
2.1255211041788717,1.8208631755503715,2.1255211041788717,1.8208631755503715,-3600.0715227606615,-7.1308988302963465
2.140456076423488,1.822427541986496,2.140456076423488,1.822427541986496,-3601.841336187932,-5.809142990314028
2.138238653260835,1.8222333981872039,2.138238653260835,1.8222333981872039,-3601.2138083714985,-6.571283042360924
2.1387360386635104,1.8270675154097602,2.1387360386635104,1.8270675154097602,-3590.435672405174,-8.517193191416238
2.1333070477872207,1.8217539258998117,2.1333070477872207,1.8217539258998117,-3594.2389571130575,-5.8781358618009785
2.1225121866839474,1.8205832407923979,2.1225121866839474,1.8205832407923979,-3593.854216332707,-6.214608098422191
2.123890280029252,1.8214531706530812,2.123890280029252,1.8214531706530812,-3586.903764781452,-8.517193191416238
2.12331188885127,1.820891586394528,2.12331188885127,1.820891586394528,-3587.3327610194624,-7.824046010856292
2.1271807286733555,1.8246478861496094,2.1271807286733555,1.8246478861496094,-3584.5394375931355,-7.418580902748128
2.1271946075451953,1.8247429462484726,2.1271946075451953,1.8247429462484726,-3584.329068781256,-5.572754212249797
2.113042449444465,1.8224918965884962,2.113042449444465,1.8224918965884962,-3587.46681434112,-7.824046010856292
2.115631758638377,1.822913578219004,2.115631758638377,1.822913578219004,-3586.7710177325293,-7.418580902748128
2.1395092539840266,1.8265655821462603,2.1395092539840266,1.8265655821462603,-3583.6048613298194,-6.214608098422191
2.1445737214779066,1.8272567235114723,2.1445737214779066,1.8272567235114723,-3584.3442154658987,-7.1308988302963465
2.145976134216655,1.8286360900569736,2.145976134216655,1.8286360900569736,-3583.393712483121,-6.907755278982137
2.1411309268274965,1.8279016047000498,2.1411309268274965,1.8279016047000498,-3582.726375669088,-5.683979847360021
2.1401213879652667,1.8277456825238791,2.1401213879652667,1.8277456825238791,-3582.6752182812893,-8.517193191416238
2.1404093364021373,1.8280276113757208,2.1404093364021373,1.8280276113757208,-3582.4815643657116,-6.319968614080018
2.1422491746358814,1.8283165370439263,2.1422491746358814,1.8283165370439263,-3582.5907065864876,-5.572754212249797
2.1422413274393826,1.828232512042218,2.1422413274393826,1.828232512042218,-3582.7750835108814,-6.437751649736401
2.1346788499831755,1.8270369414201904,2.1346788499831755,1.8270369414201904,-3582.788869756404,-7.824046010856292
2.139139938254489,1.8277471913512056,2.139139938254489,1.8277471913512056,-3582.632691743252,-7.1308988302963465
2.139107172014536,1.8274369925067373,2.139107172014536,1.8274369925067373,-3583.315652304098,-8.517193191416238
2.1416005815533605,1.8278181451665123,2.1416005815533605,1.8278181451665123,-3583.4299462893546,-6.725433722188183
2.1420049516680146,1.8282144227264792,2.1420049516680146,1.8282144227264792,-3583.1606102698233,-5.744604469176456
2.141847923908145,1.8281899439924216,2.141847923908145,1.8281899439924216,-3583.149279891234,-7.1308988302963465
2.140374638734093,1.8267463051366937,2.140374638734093,1.8267463051366937,-3584.1403112624994,-8.517193191416238
2.136699798379464,1.8262198568128505,2.136699798379464,1.8262198568128505,-3584.0102752264756,-5.339139361068292
2.1388740449314807,1.8265334766167183,2.1388740449314807,1.8265334766167183,-3584.0479351662384,-6.907755278982137
2.137030258811034,1.8247288229597491,2.137030258811034,1.8247288229597491,-3585.3272640758905,-7.1308988302963465
2.1377118743734904,1.8253959772052506,2.1377118743734904,1.8253959772052506,-3584.849542154737,-6.907755278982137
2.13817785711555,1.825852069988085,2.13817785711555,1.825852069988085,-3584.526174687447,-7.824046010856292
2.145414452548367,1.8267833167164378,2.145414452548367,1.8267833167164378,-3585.6942706605787,-7.418580902748128
2.1454640756406995,1.826814188824302,2.1454640756406995,1.826814188824302,-3585.4442626902314,-8.517193191416238
2.1398861172708727,1.8261042692504557,2.1398861172708727,1.8261042692504557,-3584.410077436672,-5.744604469176456
2.127664061348982,1.8243693037652786,2.127664061348982,1.8243693037652786,-3584.9164533844014,-6.319968614080018
2.1387322251091097,1.8259493747098687,2.1387322251091097,1.8259493747098687,-3584.325479412406,-7.418580902748128
2.1262029064072108,1.824150598106884,2.1262029064072108,1.824150598106884,-3585.1345814169495,-6.437751649736401
2.12698615142942,1.824910585478902,2.12698615142942,1.824910585478902,-3584.5895176374142,-5.809142990314028
2.132087442929884,1.82569779041662,2.132087442929884,1.82569779041662,-3583.9302306009045,-7.824046010856292
2.1376699151240492,1.8265325810457764,2.1376699151240492,1.8265325810457764,-3583.6647154551733,-7.1308988302963465
2.141711915801161,1.8271151383104582,2.141711915801161,1.8271151383104582,-3583.8845013791993,-6.907755278982137
2.137967908245766,1.8265762248718147,2.137967908245766,1.8265762248718147,-3583.667373045852,-8.517193191416238
2.137939097601364,1.8263070563771477,2.137939097601364,1.8263070563771477,-3584.260408887013,-5.952243833954701
2.121781668647756,1.8238637094749106,2.121781668647756,1.8238637094749106,-3586.071957189788,-5.572754212249797
2.1537648855507614,1.8283146373245267,2.1537648855507614,1.8283146373245267,-3589.531931928514,-7.1308988302963465
2.1499618325461975,1.8279010690066746,2.1499618325461975,1.8279010690066746,-3586.8651862923566,-7.418580902748128
2.1238036665586084,1.824181439696202,2.1238036665586084,1.824181439696202,-3585.6693519107653,-8.517193191416238
2.1422139752536573,1.8269059993352545,2.1422139752536573,1.8269059993352545,-3584.5688508934504,-7.824046010856292
2.1371807694841976,1.8261981803656666,2.1371807694841976,1.8261981803656666,-3584.2526526871334,-6.214608098422191
2.1383110171676827,1.8263601878065825,2.1383110171676827,1.8263601878065825,-3584.26886499038,-6.725433722188183
2.150734364531642,1.8279906731237547,2.150734364531642,1.8279906731237547,-3587.289028071549,-6.725433722188183
2.1277994525583175,1.824800391648419,2.1277994525583175,1.824800391648419,-3584.9956605591365,-6.032286541628237
2.144470038589591,1.8272100838632848,2.144470038589591,1.8272100838632848,-3584.9548007155645,-8.517193191416238
2.144972678683933,1.8277041076438192,2.144972678683933,1.8277041076438192,-3584.6168162751082,-5.8781358618009785
2.150649964225145,1.8284575814205783,2.150649964225145,1.8284575814205783,-3586.5737046100626,-7.418580902748128
2.146075587865181,1.8278559075254548,2.146075587865181,1.8278559075254548,-3584.8698239414225,-7.824046010856292
2.1479561335166575,1.8281092719269167,2.1479561335166575,1.8281092719269167,-3585.427380011286,-8.517193191416238
2.1309575549071624,1.825635946092715,2.1309575549071624,1.825635946092715,-3584.347102666334,-6.319968614080018
2.1287297377539365,1.8252898603011989,2.1287297377539365,1.8252898603011989,-3584.631835343939,-7.418580902748128
2.1356753686233794,1.8263553817244549,2.1356753686233794,1.8263553817244549,-3583.9795262915786,-6.319968614080018
2.1470151911519837,1.827983417651021,2.1470151911519837,1.827983417651021,-3585.1269943871985,-7.1308988302963465
2.1222324726975548,1.8242603265513107,2.1222324726975548,1.8242603265513107,-3585.783092181739,-6.907755278982137
2.1365572389413625,1.826487614596112,2.1365572389413625,1.826487614596112,-3583.952298149535,-7.418580902748128
2.139616536114879,1.8269400805381,2.139616536114879,1.8269400805381,-3583.980464043565,-7.824046010856292
2.1417622476556364,1.827250942312237,2.1417622476556364,1.827250942312237,-3584.132473225806,-6.907755278982137
2.111556271504771,1.8225121705669822,2.111556271504771,1.8225121705669822,-3588.4587831536546,-7.824046010856292
2.110934015688649,1.8219144218384096,2.110934015688649,1.8219144218384096,-3588.8976809770643,-8.517193191416238
2.14908542567079,1.8274816105622247,2.14908542567079,1.8274816105622247,-3586.854853495767,-5.8781358618009785
2.1205498832727496,1.8234521136828914,2.1205498832727496,1.8234521136828914,-3586.464131011055,-7.1308988302963465
2.1316832354080555,1.8251466852901197,2.1316832354080555,1.8251466852901197,-3584.6990191956306,-7.1308988302963465
2.1305440633873856,1.8255007956945175,2.1305440633873856,1.8255007956945175,-3584.4442498776343,-8.517193191416238
2.125442405073714,1.8247049589492939,2.125442405073714,1.8247049589492939,-3585.2023589866085,-7.824046010856292
2.13402319210937,1.82603164147875,2.13402319210937,1.82603164147875,-3584.1230772711087,-6.319968614080018
2.1339940872870278,1.825796638637747,2.1339940872870278,1.825796638637747,-3584.6433813582103,-6.032286541628237
2.1064849645127985,1.8214232485717388,2.1064849645127985,1.8214232485717388,-3590.42438109658,-8.517193191416238
2.139496868901738,1.8265974149540012,2.139496868901738,1.8265974149540012,-3584.5953378313716,-8.517193191416238
2.1439971653714194,1.8272224898584704,2.1439971653714194,1.8272224898584704,-3585.102059210468,-8.517193191416238
2.1426847597049625,1.8259334533019693,2.1426847597049625,1.8259334533019693,-3585.9925072078818,-6.725433722188183
2.1429331535907354,1.8261774256739118,2.1429331535907354,1.8261774256739118,-3585.8223769655774,-7.1308988302963465
2.13708999704941,1.8254236351810578,2.13708999704941,1.8254236351810578,-3585.225281746651,-6.571283042360924
2.1369045877702626,1.8252423471778236,2.1369045877702626,1.8252423471778236,-3585.35299212505,-8.517193191416238
2.1368021671069495,1.8252287586224383,2.1368021671069495,1.8252287586224383,-3585.350513413886,-6.032286541628237
2.1250306227153755,1.823571322314869,2.1250306227153755,1.823571322314869,-3586.30105554918,-7.418580902748128
2.1250486054507327,1.823582698806978,2.1250486054507327,1.823582698806978,-3586.2107548606505,-8.517193191416238
2.125048240254124,1.823580329492365,2.125048240254124,1.823580329492365,-3586.2160268568227,-6.571283042360924
2.123467325443856,1.8220475643743936,2.123467325443856,1.8220475643743936,-3587.3370485419614,-7.418580902748128
2.123599652107647,1.8229079229397707,2.123599652107647,1.8229079229397707,-3585.430706349734,-6.907755278982137
2.1419696772538592,1.825289979234789,2.1419696772538592,1.825289979234789,-3585.106950874504,-8.517193191416238
2.140633873385104,1.825141444495824,2.140633873385104,1.825141444495824,-3584.837478711746,-7.1308988302963465
2.141883427125438,1.826368506148946,2.141883427125438,1.826368506148946,-3583.957427969398,-6.725433722188183
2.1443636795747043,1.8288040619715167,2.1443636795747043,1.8288040619715167,-3582.266560818358,-6.907755278982137
2.1383510426755996,1.8278484041499645,2.1383510426755996,1.8278484041499645,-3581.9479574170086,-6.214608098422191
2.1422287357658014,1.8284676272616025,2.1422287357658014,1.8284676272616025,-3582.0451451843624,-5.744604469176456
2.1421395853317216,1.8283802285980468,2.1421395853317216,1.8283802285980468,-3582.104805169499,-7.1308988302963465
2.137302642871115,1.8276104046080428,2.137302642871115,1.8276104046080428,-3582.031493684994,-6.032286541628237
2.1522324910317043,1.8299206452645336,2.1522324910317043,1.8299206452645336,-3584.8428020932297,-7.824046010856292
2.1548990259185103,1.8303033566301616,2.1548990259185103,1.8303033566301616,-3586.698089603086,-8.517193191416238
2.154148183619907,1.8295595938996971,2.154148183619907,1.8295595938996971,-3587.196439538482,-6.319968614080018
2.12724162288901,1.8255336184071873,2.12724162288901,1.8255336184071873,-3583.4533656177528,-6.725433722188183
2.137657687209664,1.8271844208544252,2.137657687209664,1.8271844208544252,-3582.405818595377,-4.933674252960127
2.139848546035944,1.8275211005534682,2.139848546035944,1.8275211005534682,-3582.426616986494,-5.809142990314028
2.1430023570664143,1.8279976214244846,2.1430023570664143,1.8279976214244846,-3582.6682457582474,-6.214608098422191
2.140462993798194,1.8276147333533668,2.140462993798194,1.8276147333533668,-3582.4525939724363,-7.824046010856292
2.13326100821489,1.8264968715260834,2.13326100821489,1.8264968715260834,-3582.6488712261184,-6.214608098422191
2.1283998366221923,1.8257207475275037,2.1283998366221923,1.8257207475275037,-3583.263352604572,-5.952243833954701
2.132823278080455,1.8264276323157576,2.132823278080455,1.8264276323157576,-3582.6907822687044,-6.437751649736401
2.134118144825885,1.8266320569038064,2.134118144825885,1.8266320569038064,-3582.5753954131424,-6.437751649736401
2.1522813945619976,1.829318179871649,2.1522813945619976,1.829318179871649,-3585.7835363218683,-5.521460917862246
2.151437823295268,1.8292053762027989,2.151437823295268,1.8292053762027989,-3585.2698756798873,-7.824046010856292
2.139163154798048,1.8274162366932085,2.139163154798048,1.8274162366932085,-3582.408458499318,-6.571283042360924
2.1383102332793458,1.8272851451493497,2.1383102332793458,1.8272851451493497,-3582.400920779177,-8.517193191416238
2.142060921685492,1.8278564710607146,2.142060921685492,1.8278564710607146,-3582.5666396505417,-5.952243833954701
2.1300476089398273,1.8259855499647886,2.1300476089398273,1.8259855499647886,-3583.0202556368286,-8.517193191416238
2.1359464399439827,1.8269185971381998,2.1359464399439827,1.8269185971381998,-3582.4592783700905,-6.437751649736401
2.1283745508070018,1.8257166708676578,2.1283745508070018,1.8257166708676578,-3583.2673370788516,-7.824046010856292
2.1197081042745465,1.824297764990329,2.1197081042745465,1.824297764990329,-3585.0165710221813,-6.725433722188183
2.1335988118352085,1.8265502119888137,2.1335988118352085,1.8265502119888137,-3582.6185340851457,-5.083205986931091
2.144968194827076,1.8282889944420646,2.144968194827076,1.8282889944420646,-3582.974847864175,-6.571283042360924
2.1460448339931513,1.829347330425704,2.1460448339931513,1.829347330425704,-3582.2557136997734,-5.259096653394756
2.1408068441179435,1.8285030256469474,2.1408068441179435,1.8285030256469474,-3581.744779219596,-6.907755278982137
2.137664460395663,1.8279892195889809,2.137664460395663,1.8279892195889809,-3581.7686320803355,-8.517193191416238
2.1337067975111412,1.8273352458117869,2.1337067975111412,1.8273352458117869,-3582.0573621885383,-7.1308988302963465
2.1328062954112417,1.8264581418402175,2.1328062954112417,1.8264581418402175,-3582.6686610107863,-8.517193191416238
2.1410698516640014,1.8277435846133554,2.1410698516640014,1.8277435846133554,-3582.454793644298,-8.517193191416238
2.134140816878756,1.826669325929742,2.134140816878756,1.826669325929742,-3582.548695661046,-6.319968614080018
2.1304115605298906,1.8225823856016823,2.1304115605298906,1.8225823856016823,-3586.2595482632028,-6.725433722188183
2.1333198419213697,1.8229203308376718,2.1333198419213697,1.8229203308376718,-3586.20471865232,-6.437751649736401
2.1435597775841315,1.8238966308096545,2.1435597775841315,1.8238966308096545,-3588.0133199813613,-5.521460917862246
2.1450882755734684,1.8254026920198745,2.1450882755734684,1.8254026920198745,-3586.9234432108574,-8.517193191416238
2.129076505111468,1.8234974433344031,2.129076505111468,1.8234974433344031,-3585.53180637121,-5.572754212249797
2.127733326788442,1.8233144487158928,2.127733326788442,1.8233144487158928,-3585.677304385598,-6.437751649736401
2.1398881601191153,1.824857714056139,2.1398881601191153,1.824857714056139,-3585.6045160819654,-5.744604469176456
2.1375542492003694,1.824584829062509,2.1375542492003694,1.824584829062509,-3585.351875326615,-6.032286541628237
2.1428579383663666,1.8251815658442867,2.1428579383663666,1.8251815658442867,-3586.2043319468958,-8.517193191416238
2.129218001565906,1.8235165749871753,2.129218001565906,1.8235165749871753,-3585.5180161097846,-8.517193191416238
2.139176979696082,1.8247760909064072,2.139176979696082,1.8247760909064072,-3585.5095398527756,-6.725433722188183
2.129678621959626,1.82357865656951,2.129678621959626,1.82357865656951,-3585.4752338723642,-5.952243833954701
2.1328183625504415,1.8266351931490465,2.1328183625504415,1.8266351931490465,-3583.3009902716185,-6.319968614080018
2.132826524738645,1.8266431388201267,2.132826524738645,1.8266431388201267,-3583.2954921123987,-7.1308988302963465
2.132358637363934,1.826187661207674,2.132358637363934,1.826187661207674,-3583.611957117402,-6.907755278982137
2.1481670074572614,1.8285521834157776,2.1481670074572614,1.8285521834157776,-3584.6773985466634,-5.051457288616511
2.148824137913018,1.8291995699637078,2.148824137913018,1.8291995699637078,-3584.2431320314117,-7.418580902748128
2.1487963506580767,1.828799334235991,2.1487963506580767,1.828799334235991,-3585.121111780241,-7.418580902748128
2.143195386706588,1.8279828131282572,2.143195386706588,1.8279828131282572,-3583.9270317648493,-8.517193191416238
2.143197082217667,1.828001323640482,2.143197082217667,1.828001323640482,-3583.886233100279,-5.952243833954701
2.142442597154681,1.8278882036401325,2.142442597154681,1.8278882036401325,-3583.8087370594612,-8.517193191416238
2.1471492048053085,1.8285830180059546,2.1471492048053085,1.8285830180059546,-3584.595814594854,-5.952243833954701
2.1481371377438516,1.8287251516345155,2.1481371377438516,1.8287251516345155,-3584.8688260200643,-7.824046010856292
2.128405858531145,1.825695892698571,2.128405858531145,1.825695892698571,-3584.5054879023764,-8.517193191416238
2.121873912889626,1.8246314294494708,2.121873912889626,1.8246314294494708,-3585.7338207426515,-8.517193191416238
2.1437362862157685,1.8280817908150757,2.1437362862157685,1.8280817908150757,-3583.951845397091,-6.214608098422191
2.146213521742861,1.8284470973519271,2.146213521742861,1.8284470973519271,-3584.376080714549,-7.1308988302963465
2.144702454760695,1.8282251528072708,2.144702454760695,1.8282251528072708,-3584.0921991301443,-7.1308988302963465
2.139449260664348,1.827433851839138,2.139449260664348,1.827433851839138,-3583.647737005571,-7.1308988302963465
2.1394232213606457,1.827188809121259,2.1394232213606457,1.827188809121259,-3584.1895382350713,-7.418580902748128
2.1408948484518042,1.8274088862303377,2.1408948484518042,1.8274088862303377,-3584.249919801066,-5.8781358618009785
2.148830790768367,1.8285495405605463,2.148830790768367,1.8285495405605463,-3585.7037538246973,-6.319968614080018
2.1504798043931768,1.8287735943317187,2.1504798043931768,1.8287735943317187,-3586.3463727871767,-6.907755278982137
2.14891778586582,1.8285615003585118,2.14891778586582,1.8285615003585118,-3585.7338337031847,-5.744604469176456
2.148967076523911,1.8292768227505383,2.148967076523911,1.8292768227505383,-3584.1639627188993,-8.517193191416238
2.1487533928942795,1.8292450031799552,2.1487533928942795,1.8292450031799552,-3584.0955860680942,-5.572754212249797
2.1435564578338084,1.8241253173806693,2.1435564578338084,1.8241253173806693,-3587.6743646584882,-7.1308988302963465
2.1426813083230862,1.8232631519441804,2.1426813083230862,1.8232631519441804,-3588.3092742513973,-7.418580902748128
2.1350062464132913,1.8226179223568333,2.1350062464132913,1.8226179223568333,-3586.6362465884076,-5.744604469176456
2.1349822655930923,1.822383193220971,2.1349822655930923,1.822383193220971,-3587.1502347958653,-6.437751649736401
2.124887079014097,1.821262077147707,2.124887079014097,1.821262077147707,-3587.4710362813294,-7.824046010856292
2.1371879814511305,1.8225891911241996,2.1371879814511305,1.8225891911241996,-3587.4020260067323,-8.517193191416238
2.1407778171915197,1.8228788254495831,2.1407778171915197,1.8228788254495831,-3588.20128995119,-5.952243833954701
2.1465009569267286,1.8285076679145118,2.1465009569267286,1.8285076679145118,-3584.2229383673357,-6.119297918617867
2.146570587043053,1.829403622766182,2.146570587043053,1.829403622766182,-3582.2598095328667,-8.517193191416238
2.1456006597475152,1.8292493076518963,2.1456006597475152,1.8292493076518963,-3582.078978866019,-8.517193191416238
2.1448585809945984,1.8291308071858974,2.1448585809945984,1.8291308071858974,-3581.9637382527817,-5.952243833954701
2.1472145185981417,1.8295056985839342,2.1472145185981417,1.8295056985839342,-3582.4003302702336,-6.571283042360924
2.1434602288568545,1.828906536444092,2.1434602288568545,1.828906536444092,-3581.795867682708,-6.571283042360924
2.1440584132033758,1.8290026259800745,2.1440584132033758,1.8290026259800745,-3581.8601700295612,-5.381698975487088
2.144550514430362,1.829485668089262,2.144550514430362,1.829485668089262,-3581.534211961649,-7.824046010856292
2.1441786079003617,1.829423998355651,2.1441786079003617,1.829423998355651,-3581.4944846915623,-7.418580902748128
2.150010826723958,1.830384675029724,2.150010826723958,1.830384675029724,-3582.6964386311993,-6.437751649736401
2.1370550063927265,1.8282328236939496,2.1370550063927265,1.8282328236939496,-3581.397215162969,-6.907755278982137
2.135236923900397,1.8279258870849964,2.135236923900397,1.8279258870849964,-3581.5329135440243,-6.437751649736401
2.1303240444918647,1.826997788660013,2.1303240444918647,1.826997788660013,-3582.2005820979225,-5.744604469176456
2.144435422589532,1.8293573346686003,2.144435422589532,1.8293573346686003,-3581.624745958299,-7.1308988302963465
2.14270956782749,1.8290731055114429,2.14270956782749,1.8290731055114429,-3581.471348644506,-5.472670753692815
2.1515749515418743,1.8305177170298657,2.1515749515418743,1.8305177170298657,-3583.450557695318,-6.571283042360924
2.1231200355659348,1.8257641347150428,2.1231200355659348,1.8257641347150428,-3583.5777324307614,-7.418580902748128
2.1360468357482447,1.8279641308910537,2.1360468357482447,1.8279641308910537,-3581.5383591515088,-6.907755278982137
2.1389622326072475,1.8284515902384104,2.1389622326072475,1.8284515902384104,-3581.39733386845,-7.824046010856292
2.1492793017975518,1.8301475790882153,2.1492793017975518,1.8301475790882153,-3582.6024992079642,-7.418580902748128
2.1429976347491544,1.8291206379718303,2.1429976347491544,1.8291206379718303,-3581.491134994509,-7.418580902748128
2.147002789292827,1.8297776304297473,2.147002789292827,1.8297776304297473,-3582.0279403272407,-6.119297918617867
2.1346630753585343,1.827731606553721,2.1346630753585343,1.827731606553721,-3581.65574124292,-7.824046010856292
2.1347217195319406,1.827788757454362,2.1347217195319406,1.827788757454362,-3581.6164258369768,-7.418580902748128
2.1347078256627157,1.8277752173735728,2.1347078256627157,1.8277752173735728,-3581.6257366382583,-7.824046010856292
2.1510143610693597,1.8304725230167411,2.1510143610693597,1.8304725230167411,-3583.156884723554,-6.725433722188183
2.146371216402754,1.8297162169452843,2.146371216402754,1.8297162169452843,-3581.8644442400764,-6.032286541628237
2.1463123550409766,1.8289817027566366,2.1463123550409766,1.8289817027566366,-3583.47474686502,-8.517193191416238
2.1479314205363114,1.82922896860488,2.1479314205363114,1.82922896860488,-3583.8471951731644,-6.214608098422191
2.1533933321181964,1.8300394356437297,2.1533933321181964,1.8300394356437297,-3586.1231552460845,-6.319968614080018
2.1491118735192964,1.8294074844175827,2.1491118735192964,1.8294074844175827,-3584.1913348559156,-4.990832666800076
2.136388773008182,1.827418847311722,2.136388773008182,1.827418847311722,-3582.9219419970127,-5.683979847360021
2.1477086301146873,1.8291951037815872,2.1477086301146873,1.8291951037815872,-3583.7894536500626,-5.683979847360021
2.147863351507514,1.8292915388453577,2.147863351507514,1.8292915388453577,-3583.011857067388,-6.319968614080018
2.1389607396816377,1.8278954592872374,2.1389607396816377,1.8278954592872374,-3582.1499251496257,-6.725433722188183
2.1337020103028035,1.8270458573502495,2.1337020103028035,1.8270458573502495,-3582.479559749873,-6.725433722188183
2.121368265009824,1.8249971330684573,2.121368265009824,1.8249971330684573,-3584.649394550692,-6.214608098422191
2.1520966188754027,1.8299294822991494,2.1520966188754027,1.8299294822991494,-3584.489462250737,-7.824046010856292
2.1467340117959517,1.8291180248692112,2.1467340117959517,1.8291180248692112,-3582.764201221607,-5.184988681241034
2.130988261575097,1.826601468696755,2.130988261575097,1.826601468696755,-3582.8127144633695,-7.1308988302963465
2.1372912231646928,1.8273711852396828,2.1372912231646928,1.8273711852396828,-3582.7796470218536,-5.952243833954701
2.1460683590853225,1.8287287684192075,2.1460683590853225,1.8287287684192075,-3583.283238418264,-6.319968614080018
2.1240693335381002,1.825227827161363,2.1240693335381002,1.825227827161363,-3584.5519237554513,-6.119297918617867
2.1448440503970945,1.8285434973363313,2.1448440503970945,1.8285434973363313,-3583.0869573446566,-6.725433722188183
2.144815576083697,1.828215118743064,2.144815576083697,1.828215118743064,-3583.81076360355,-4.961845129926823
2.1427090193994895,1.8261468912659233,2.1427090193994895,1.8261468912659233,-3585.2202321339587,-6.725433722188183
2.132994001759445,1.8248555936925013,2.132994001759445,1.8248555936925013,-3584.8596934186,-6.319968614080018
2.1331468335863866,1.8260805121188115,2.1331468335863866,1.8260805121188115,-3582.1548198771693,-6.437751649736401
2.1306636544774062,1.8256968038409245,2.1306636544774062,1.8256968038409245,-3582.42779980336,-6.725433722188183
2.1394200320795336,1.827024703829175,2.1394200320795336,1.827024703829175,-3581.941918109765,-5.339139361068292
2.1401356619258567,1.8277254967862724,2.1401356619258567,1.8277254967862724,-3581.452549255676,-5.952243833954701
2.14221430385029,1.8280445236089877,2.14221430385029,1.8280445236089877,-3581.5650830182117,-6.725433722188183
2.1433616226204575,1.828218816791877,2.1433616226204575,1.828218816791877,-3581.6792243123173,-7.418580902748128
2.143317072302629,1.8282120744504198,2.143317072302629,1.8282120744504198,-3581.6740343481533,-6.032286541628237
2.1330677512589635,1.8266143908329786,2.1330677512589635,1.8266143908329786,-3581.76814855663,-6.032286541628237
2.1439073094503396,1.8283012289084501,2.1439073094503396,1.8283012289084501,-3581.7480307564942,-7.418580902748128
2.139660070829347,1.8276519555440685,2.139660070829347,1.8276519555440685,-3581.442165472447,-5.298317366548036
2.1344941668462662,1.8268415508772067,2.1344941668462662,1.8268415508772067,-3581.632584968758,-7.824046010856292
2.1480693215463362,1.8289178587045907,2.1480693215463362,1.8289178587045907,-3582.648869508022,-8.517193191416238
2.124998014841922,1.825305664205969,2.124998014841922,1.825305664205969,-3583.0383841266703,-7.824046010856292
2.1246116609579384,1.824931364769826,2.1246116609579384,1.824931364769826,-3583.3070115284463,-6.571283042360924
2.1282043586473782,1.8255082281550945,2.1282043586473782,1.8255082281550945,-3582.6519229029936,-6.725433722188183
2.127581156806526,1.824902994379104,2.127581156806526,1.824902994379104,-3583.08698177096,-7.824046010856292
2.1480129085654665,1.827822548447164,2.1480129085654665,1.827822548447164,-3583.9539003659565,-8.517193191416238
2.121622401464798,1.8239684730988146,2.121622401464798,1.8239684730988146,-3584.232558059015,-6.725433722188183
2.1245035495771045,1.8244235791983174,2.1245035495771045,1.8244235791983174,-3583.633443412458,-7.1308988302963465
2.1438485011522417,1.827281243867759,2.1438485011522417,1.827281243867759,-3582.7565942429346,-7.824046010856292
2.1464315693100113,1.8298204312771373,2.1464315693100113,1.8298204312771373,-3581.0138121247674,-7.418580902748128
2.13247760287915,1.8274786592407513,2.13247760287915,1.8274786592407513,-3581.1755272534297,-5.572754212249797
2.147200614951211,1.8299474245613885,2.147200614951211,1.8299474245613885,-3581.1496508415166,-5.626821433520073
2.1322846036445933,1.827445792517063,2.1322846036445933,1.827445792517063,-3581.2019037065024,-5.952243833954701
2.1519486436912953,1.8307260614623937,2.1519486436912953,1.8307260614623937,-3582.579544375354,-6.725433722188183
2.1364515185698085,1.8281525535523413,2.1364515185698085,1.8281525535523413,-3580.7473272381944,-5.952243833954701
2.1471154520187468,1.8299333729675127,2.1471154520187468,1.8299333729675127,-3581.1335151991434,-5.809142990314028
2.1461124508559433,1.828946891273794,2.1461124508559433,1.828946891273794,-3581.7999840738767,-5.221356325411908
2.1437984924706073,1.8266710046729449,2.1437984924706073,1.8266710046729449,-3583.38402884808,-7.1308988302963465
2.130189481015437,1.8248025732893796,2.130189481015437,1.8248025732893796,-3583.0649176079696,-5.744604469176456
2.140115255662635,1.8261965109783949,2.140115255662635,1.8261965109783949,-3582.8165766113425,-5.952243833954701
2.142777333502631,1.8288070406060066,2.142777333502631,1.8288070406060066,-3580.995061292978,-7.824046010856292
2.1459862210744776,1.8293214802998303,2.1459862210744776,1.8293214802998303,-3581.3704554180536,-6.319968614080018
2.1457180071196347,1.8290578091409972,2.1457180071196347,1.8290578091409972,-3581.549329592198,-7.824046010856292
2.1482913369947276,1.829456638403657,2.1482913369947276,1.829456638403657,-3582.129853217857,-5.339139361068292
2.1268355845430986,1.8259939855959377,2.1268355845430986,1.8259939855959377,-3582.442414805746,-5.8781358618009785
2.1341280390222193,1.8272009193371899,2.1341280390222193,1.8272009193371899,-3581.3630959626025,-5.626821433520073
2.1343492230876966,1.8274164766713523,2.1343492230876966,1.8274164766713523,-3581.213220894328,-5.115995809754082
2.1326477427515895,1.827134158913267,2.1326477427515895,1.827134158913267,-3581.40604891703,-6.032286541628237
2.132643545710526,1.8271022988844987,2.132643545710526,1.8271022988844987,-3581.476400431836,-7.418580902748128
2.131130316259224,1.8268505960498849,2.131130316259224,1.8268505960498849,-3581.6800038611013,-5.426150738057921
2.129277364417603,1.8265409794679832,2.129277364417603,1.8265409794679832,-3581.9679737641395,-8.517193191416238
2.1339958777468437,1.8273263427237045,2.1339958777468437,1.8273263427237045,-3581.3206440756035,-7.418580902748128
2.131332263774521,1.8247310835573674,2.131332263774521,1.8247310835573674,-3583.1652085433343,-7.824046010856292
2.129808959736675,1.8245123384182946,2.129808959736675,1.8245123384182946,-3583.324215638584,-6.725433722188183
2.1299213953182203,1.8246217707180439,2.1299213953182203,1.8246217707180439,-3583.2445160855436,-6.571283042360924
2.1315335615111395,1.8261908504374107,2.1315335615111395,1.8261908504374107,-3582.1184076847067,-8.517193191416238
2.1314543980861993,1.8261138037542024,2.1314543980861993,1.8261138037542024,-3582.1729763050803,-5.8781358618009785
2.130828019757433,1.825504170319282,2.130828019757433,1.825504170319282,-3582.6073982182215,-6.571283042360924
2.1344471098579723,1.8260519410643976,2.1344471098579723,1.8260519410643976,-3582.2701882137962,-7.1308988302963465
2.12589558460495,1.8247396193850534,2.12589558460495,1.8247396193850534,-3583.3576961429285,-5.952243833954701
2.1279374089070475,1.826720038869854,2.1279374089070475,1.826720038869854,-3581.9505054846936,-6.214608098422191
2.1484062164437105,1.8301687505678028,2.1484062164437105,1.8301687505678028,-3581.427331709342,-7.824046010856292
2.148402883417499,1.830122974267844,2.148402883417499,1.830122974267844,-3581.5273652106825,-6.907755278982137
2.1483415673071344,1.8300847235636428,2.1483415673071344,1.8300847235636428,-3581.8355359453153,-7.418580902748128
2.136540834377951,1.8281239064514947,2.136540834377951,1.8281239064514947,-3581.12412345268,-7.1308988302963465
2.1355415761138428,1.8271488886916287,2.1355415761138428,1.8271488886916287,-3581.7974764914898,-8.517193191416238
2.1314964823969036,1.8264976827183186,2.1314964823969036,1.8264976827183186,-3582.1983900516493,-6.725433722188183
2.1385136129907982,1.827620594386858,2.1385136129907982,1.827620594386858,-3581.677643996147,-6.571283042360924
2.137327859630749,1.8274331315479337,2.137327859630749,1.8274331315479337,-3581.705348876623,-5.339139361068292
2.131727358587094,1.8265351159014132,2.131727358587094,1.8265351159014132,-3582.1691206865466,-7.1308988302963465
2.1452938374869395,1.8286707218441018,2.1452938374869395,1.8286707218441018,-3582.1821950352573,-5.8781358618009785
2.14442169517828,1.8278134191885775,2.14442169517828,1.8278134191885775,-3582.7724032497404,-7.1308988302963465
2.140727099349662,1.8272810392161163,2.140727099349662,1.8272810392161163,-3582.3143093964923,-6.437751649736401
2.1425834300370266,1.827550940605803,2.1425834300370266,1.827550940605803,-3582.488903671407,-5.952243833954701
2.115093462872182,1.8232414875426382,2.115093462872182,1.8232414875426382,-3585.9731531567445,-6.725433722188183
2.1504175375195906,1.8286248004843753,2.1504175375195906,1.8286248004843753,-3584.7955030227185,-8.517193191416238
2.1399410830167094,1.827165440670615,2.1399410830167094,1.827165440670615,-3582.2698312164102,-6.032286541628237
2.149358018745168,1.8284877145299707,2.149358018745168,1.8284877145299707,-3584.278030931309,-7.824046010856292
2.1425586331857795,1.827547365830747,2.1425586331857795,1.827547365830747,-3582.485875398531,-7.824046010856292
2.1377697461725074,1.82684243473875,2.1377697461725074,1.82684243473875,-3582.2264609358167,-5.683979847360021
2.132994428092217,1.8261155611823117,2.132994428092217,1.8261155611823117,-3582.4700851194634,-6.437751649736401
2.133942855709226,1.8270398093769855,2.133942855709226,1.8270398093769855,-3581.820408471676,-6.907755278982137
2.133948570495471,1.827085330219627,2.133948570495471,1.827085330219627,-3581.720027731917,-6.032286541628237
2.1462134052566877,1.8290344670462086,2.1462134052566877,1.8290344670462086,-3582.0644203055544,-8.517193191416238
2.139223068827662,1.8279361829357437,2.139223068827662,1.8279361829357437,-3581.439996174958,-6.907755278982137
2.1397111009390843,1.8284136012477843,2.1397111009390843,1.8284136012477843,-3581.112208718943,-6.437751649736401
2.127662146465859,1.8264015692166167,2.127662146465859,1.8264015692166167,-3582.381318138656,-7.1308988302963465
2.137933797091443,1.828120814897709,2.137933797091443,1.828120814897709,-3581.154525875942,-7.418580902748128
2.137809667373991,1.8270152781707079,2.137809667373991,1.8270152781707079,-3583.594303172298,-7.418580902748128
2.135039085935531,1.826589259038083,2.135039085935531,1.826589259038083,-3583.709267411146,-6.119297918617867
2.14625493172224,1.8282672834907516,2.14625493172224,1.8282672834907516,-3584.3271463767273,-8.517193191416238
2.123345249965645,1.824730329040877,2.123345249965645,1.824730329040877,-3585.3774361534142,-6.214608098422191
2.1442576176889814,1.8279786878414344,2.1442576176889814,1.8279786878414344,-3583.967658353552,-7.418580902748128
2.144340713384229,1.828931023273872,2.144340713384229,1.828931023273872,-3581.8742232264854,-7.1308988302963465
2.1363592169531733,1.827644701574021,2.1363592169531733,1.827644701574021,-3581.724395487494,-5.744604469176456
2.141110219014622,1.828414996255333,2.141110219014622,1.828414996255333,-3581.635448018121,-5.809142990314028
2.144235608243246,1.828914343897254,2.144235608243246,1.828914343897254,-3581.861776578266,-7.824046010856292
2.146683655537867,1.82930072151886,2.146683655537867,1.82930072151886,-3582.2482049385612,-7.824046010856292
2.145829901357742,1.8284610617776083,2.145829901357742,1.8284610617776083,-3582.817306381555,-5.8781358618009785
2.1443180055344713,1.82697410719034,2.1443180055344713,1.82697410719034,-3583.8467755554925,-5.259096653394756
2.1310497134416533,1.825122247226087,2.1310497134416533,1.825122247226087,-3583.418596015039,-6.214608098422191
2.144186582189405,1.8269572674586072,2.144186582189405,1.8269572674586072,-3583.81702427697,-7.418580902748128
2.143817834678328,1.8265946382294147,2.143817834678328,1.8265946382294147,-3584.0723352213818,-7.418580902748128
2.1346890059684274,1.825379043656989,2.1346890059684274,1.825379043656989,-3583.359346418117,-7.1308988302963465
2.136622869491993,1.8272673327163231,2.136622869491993,1.8272673327163231,-3582.028098692539,-5.683979847360021
2.1365529275639377,1.8272233610752946,2.1365529275639377,1.8272233610752946,-3582.3793960566313,-5.809142990314028
2.1355890058549636,1.8270706438848348,2.1355890058549636,1.8270706438848348,-3582.4298538520943,-6.214608098422191
2.1303550740534036,1.821963550366418,2.1303550740534036,1.821963550366418,-3586.14107758749,-7.824046010856292
2.1469357968505864,1.8270366138066159,2.1469357968505864,1.8270366138066159,-3585.3291499767706,-8.517193191416238
2.146950268608087,1.8272571301544085,2.146950268608087,1.8272571301544085,-3584.849511465093,-6.437751649736401
2.1412312705075722,1.8265310662471856,2.1412312705075722,1.8265310662471856,-3583.461714684384,-8.517193191416238
2.1469641386543876,1.827258778887952,2.1469641386543876,1.827258778887952,-3584.8548972092412,-7.1308988302963465
2.128883595658977,1.8247688499656505,2.128883595658977,1.8247688499656505,-3583.7334407234166,-6.907755278982137
2.1452749375847717,1.8270533942035962,2.1452749375847717,1.8270533942035962,-3584.2827791247323,-7.824046010856292
2.139676823318702,1.826321178298895,2.139676823318702,1.826321178298895,-3583.3037587986796,-5.572754212249797
2.141809646069398,1.8266080008677912,2.141809646069398,1.8266080008677912,-3583.5402500651294,-5.744604469176456
2.1437702842422572,1.828532869953983,2.1437702842422572,1.828532869953983,-3582.201329649384,-5.149897361429764
2.1430782421064802,1.8278534581363943,2.1430782421064802,1.8278534581363943,-3582.668617260076,-6.725433722188183
2.148975995319619,1.828693572234453,2.148975995319619,1.828693572234453,-3584.1712697655025,-6.214608098422191
2.1381309613879775,1.8271124522761495,2.1381309613879775,1.8271124522761495,-3582.361342008283,-7.418580902748128
2.1497117287374494,1.8287937690770735,2.1497117287374494,1.8287937690770735,-3584.4888312784087,-5.8781358618009785
2.122698302037646,1.8246694937169863,2.122698302037646,1.8246694937169863,-3584.2575950797477,-7.1308988302963465
2.1317402560514402,1.8261213699615046,2.1317402560514402,1.8261213699615046,-3582.7448552456312,-7.1308988302963465
2.12458798654099,1.82497711679747,2.12458798654099,1.82497711679747,-3583.8688033218796,-7.1308988302963465
2.147131678470251,1.8284372804724176,2.147131678470251,1.8284372804724176,-3583.5229681694204,-6.119297918617867
2.1466831836536917,1.8279955349155101,2.1466831836536917,1.8279955349155101,-3583.8276112779645,-6.907755278982137
2.146587888520782,1.8279016736082538,2.146587888520782,1.8279016736082538,-3583.892655504238,-6.907755278982137
2.134039775157025,1.8260979355563247,2.134039775157025,1.8260979355563247,-3582.814477480668,-5.472670753692815
2.1383875726255344,1.8267464509960847,2.1383875726255344,1.8267464509960847,-3582.7036597451383,-6.032286541628237
2.140045397650181,1.8283687604543017,2.140045397650181,1.8283687604543017,-3581.578676166255,-7.418580902748128
2.137290635901239,1.8279178952650588,2.137290635901239,1.8279178952650588,-3581.6319979690725,-6.214608098422191
2.1440464846390057,1.8290163165728668,2.1440464846390057,1.8290163165728668,-3581.813717995063,-5.683979847360021
2.1440044512162917,1.8289750589540108,2.1440044512162917,1.8289750589540108,-3581.8416733808476,-7.1308988302963465
2.1353434866694267,1.8275659447659236,2.1353434866694267,1.8275659447659236,-3581.77773758096,-6.032286541628237
2.12874244857984,1.8244697338895168,2.12874244857984,1.8244697338895168,-3583.9462018740755,-8.517193191416238
2.1491411171865784,1.8271256941037293,2.1491411171865784,1.8271256941037293,-3586.4209404080525,-7.1308988302963465
2.1477880598913903,1.8269849894189285,2.1477880598913903,1.8269849894189285,-3585.6882615022805,-7.824046010856292
2.132828541917816,1.8250610285915334,2.132828541917816,1.8250610285915334,-3583.549837475106,-7.1308988302963465
2.1351974925811237,1.8253944218746854,2.1351974925811237,1.8253944218746854,-3583.4499262841655,-7.824046010856292
2.1333348396934757,1.825132909124022,2.1333348396934757,1.825132909124022,-3583.5196417437833,-6.119297918617867
2.128335821213218,1.820255257743879,2.128335821213218,1.820255257743879,-3587.1900882481273,-8.517193191416238
2.1377862342601723,1.8209464824809143,2.1377862342601723,1.8209464824809143,-3588.3035034992986,-8.517193191416238
2.141639267146749,1.8247355318825644,2.141639267146749,1.8247355318825644,-3585.4393497142014,-6.907755278982137
2.1213218032657517,1.822185915004813,2.1213218032657517,1.822185915004813,-3585.9585759539395,-6.907755278982137
2.1170327368638886,1.8180318665789483,2.1170327368638886,1.8180318665789483,-3589.1956258399377,-6.319968614080018
2.137457281159996,1.819532049269271,2.137457281159996,1.819532049269271,-3589.854318117397,-6.725433722188183
2.1405331187084427,1.822560002301806,2.1405331187084427,1.822560002301806,-3587.495555413347,-8.517193191416238
2.1405105868951697,1.8222530030056188,2.1405105868951697,1.8222530030056188,-3588.1605845766003,-6.032286541628237
2.1347059453665556,1.8218294223877756,2.1347059453665556,1.8218294223877756,-3586.893318704117,-6.725433722188183
2.1347072574846737,1.8218427543673892,2.1347072574846737,1.8218427543673892,-3586.8642567729594,-7.824046010856292
2.1342491391775265,1.8218021144669727,2.1342491391775265,1.8218021144669727,-3586.820384057868,-8.517193191416238
2.1410337600290723,1.828445475984439,2.1410337600290723,1.828445475984439,-3582.0348782499395,-5.626821433520073
2.1399658159060855,1.8282727869725353,2.1399658159060855,1.8282727869725353,-3582.013302032152,-5.184988681241034
2.1411135044313743,1.8284583444828328,2.1411135044313743,1.8284583444828328,-3582.0375446550097,-7.418580902748128
2.155996385232882,1.8307715330139944,2.155996385232882,1.8307715330139944,-3587.116896279042,-6.319968614080018
2.154000126430055,1.830475643154469,2.154000126430055,1.830475643154469,-3585.568486000442,-6.907755278982137
2.1473879798552127,1.8294580929846451,2.1473879798552127,1.8294580929846451,-3582.816189507024,-6.319968614080018
2.147408263269768,1.829726898290287,2.147408263269768,1.829726898290287,-3582.2280774554342,-5.521460917862246
2.147348295316537,1.8296894689387881,2.147348295316537,1.8296894689387881,-3582.529591852541,-7.824046010856292
2.143981207143328,1.8291449350184346,2.143981207143328,1.8291449350184346,-3581.9706863774873,-6.907755278982137
2.1542170943509555,1.8307762797190725,2.1542170943509555,1.8307762797190725,-3585.4321709677633,-8.517193191416238
2.154318179656669,1.8308763026380253,2.154318179656669,1.8308763026380253,-3585.366263047068,-7.418580902748128
2.1350839701371243,1.8277421971330283,2.1350839701371243,1.8277421971330283,-3581.9054934445553,-5.8781358618009785
2.135060428523469,1.8277192475268482,2.135060428523469,1.8277192475268482,-3581.921272885297,-7.1308988302963465
2.1339551811849513,1.826641784231032,2.1339551811849513,1.826641784231032,-3582.66958834134,-6.571283042360924
2.1343408187210926,1.827017729700108,2.1343408187210926,1.827017729700108,-3582.406823266641,-6.437751649736401
2.145901580327009,1.8288343336338038,2.145901580327009,1.8288343336338038,-3582.8837252821163,-6.725433722188183
2.13177098045139,1.8266014637545713,2.13177098045139,1.8266014637545713,-3582.6675616706375,-6.032286541628237
2.147260857711079,1.8290401809798313,2.147260857711079,1.8290401809798313,-3583.207476865279,-5.952243833954701
2.147505640661865,1.82928116568111,2.147505640661865,1.82928116568111,-3583.0444035578935,-7.824046010856292
2.145328619581518,1.8289441827338386,2.145328619581518,1.8289441827338386,-3582.5680853652325,-6.571283042360924
2.1385183979528932,1.827865528496624,2.1385183979528932,1.827865528496624,-3582.0700916064557,-6.437751649736401
2.1385279693998376,1.827954085506363,2.1385279693998376,1.827954085506363,-3581.875432670656,-7.824046010856292
2.1473745155613,1.8293591047579891,2.1473745155613,1.8293591047579891,-3582.791467258263,-5.339139361068292
2.1360970803918793,1.8275592128485059,2.1360970803918793,1.8275592128485059,-3581.9656898967405,-6.119297918617867
2.1374770779469663,1.8277837857570596,2.1374770779469663,1.8277837857570596,-3581.9007086039364,-6.907755278982137
2.137801542435495,1.8281007633457975,2.137801542435495,1.8281007633457975,-3581.682648903985,-6.214608098422191
2.1377802619359767,1.8280799739328246,2.1377802619359767,1.8280799739328246,-3581.6969118612324,-5.8781358618009785
2.137666581640604,1.8270686672909617,2.137666581640604,1.8270686672909617,-3583.9280205209016,-6.119297918617867
2.138080360800324,1.8274728774608395,2.138080360800324,1.8274728774608395,-3583.6528715034333,-7.824046010856292
2.138120846921719,1.8274983033643954,2.138120846921719,1.8274983033643954,-3583.4496358272977,-7.1308988302963465
2.1438921983093824,1.8283946704012926,2.1438921983093824,1.8283946704012926,-3583.718062555158,-7.824046010856292
2.1450633408295667,1.8285730473358988,2.1450633408295667,1.8285730473358988,-3583.880901036047,-6.907755278982137
2.1463337759695547,1.8287649815031857,2.1463337759695547,1.8287649815031857,-3584.1093873340624,-6.571283042360924
2.1429184269928854,1.8282453733820172,2.1429184269928854,1.8282453733820172,-3583.6141798536623,-6.437751649736401
2.1266120789417164,1.8256435677524852,2.1266120789417164,1.8256435677524852,-3584.6734710557,-6.725433722188183
2.1500192203413135,1.8293110473680814,2.1500192203413135,1.8293110473680814,-3585.1471086847237,-6.571283042360924
2.1488013651765128,1.829132546091529,2.1488013651765128,1.829132546091529,-3584.73408545505,-8.517193191416238
2.1357677203721432,1.8271256878178053,2.1357677203721432,1.8271256878178053,-3583.541851419509,-6.119297918617867
2.1432224299222056,1.8282920748912679,2.1432224299222056,1.8282920748912679,-3583.643699256463,-5.381698975487088
2.14320397408633,1.828093542056167,2.14320397408633,1.828093542056167,-3584.0818259255457,-7.418580902748128
2.1430158219696507,1.82806512549885,2.1430158219696507,1.82806512549885,-3584.062295441322,-6.907755278982137
2.1446509426077527,1.8283108583878953,2.1446509426077527,1.8283108583878953,-3584.2669794758485,-5.8781358618009785
2.144033756711487,1.8277049877572953,2.144033756711487,1.8277049877572953,-3584.67357852563,-7.824046010856292
2.1407540910260305,1.827230117300714,2.1407540910260305,1.827230117300714,-3584.324178820722,-6.032286541628237
2.14077866076434,1.8272541764072026,2.14077866076434,1.8272541764072026,-3584.3078265152512,-6.319968614080018
2.1289881014283907,1.8254545921770688,2.1289881014283907,1.8254545921770688,-3584.9258917800903,-8.517193191416238
2.129177748908058,1.8256387385186867,2.129177748908058,1.8256387385186867,-3584.797666683367,-5.339139361068292
2.1290760283834476,1.824940972927182,2.1290760283834476,1.824940972927182,-3586.3548915471583,-5.952243833954701
2.1322508910819127,1.8254196113981356,2.1322508910819127,1.8254196113981356,-3586.0121188384055,-7.824046010856292
2.144311158720707,1.8271390861054462,2.144311158720707,1.8271390861054462,-3586.3444759291747,-6.214608098422191
2.1350144394341912,1.8258286643820214,2.1350144394341912,1.8258286643820214,-3585.831430445688,-7.1308988302963465
2.1351899929821467,1.8272560674451555,2.1351899929821467,1.8272560674451555,-3582.6643028486405,-5.521460917862246
2.132606437560766,1.8247369446021957,2.132606437560766,1.8247369446021957,-3584.4374415568655,-7.418580902748128
2.142041889376982,1.825978928304406,2.142041889376982,1.825978928304406,-3584.8574662750116,-7.824046010856292
2.1373921032806695,1.8253870688933578,2.1373921032806695,1.8253870688933578,-3584.3711038603687,-5.259096653394756
2.1372858450799863,1.8243635084122758,2.1372858450799863,1.8243635084122758,-3586.624033216946,-6.907755278982137
2.1308580022720167,1.8235548705789686,2.1308580022720167,1.8235548705789686,-3586.667692329296,-7.1308988302963465
2.128638661927853,1.823259593265269,2.128638661927853,1.823259593265269,-3586.85524825325,-6.437751649736401
2.1287578822661946,1.8241243708551766,2.1287578822661946,1.8241243708551766,-3584.9390401346154,-6.907755278982137
2.1300247536868797,1.8243050869344315,2.1300247536868797,1.8243050869344315,-3584.800235766894,-7.418580902748128
2.1254622459377464,1.823645911473119,2.1254622459377464,1.823645911473119,-3585.3999982605733,-6.907755278982137
2.1281792341993646,1.8240412131342802,2.1281792341993646,1.8240412131342802,-3585.009893794124,-7.1308988302963465
2.133932455836653,1.8248497658551641,2.133932455836653,1.8248497658551641,-3584.5309721455747,-6.119297918617867
2.1438053629755927,1.8261090755292742,2.1438053629755927,1.8261090755292742,-3585.4181041032352,-6.571283042360924
2.1456501237983914,1.8263168698320809,2.1456501237983914,1.8263168698320809,-3585.975798401858,-7.418580902748128
2.1469809191281923,1.8276277952906805,2.1469809191281923,1.8276277952906805,-3585.062905882909,-6.437751649736401
2.122867302854641,1.8241074974180504,2.122867302854641,1.8241074974180504,-3585.3241241998835,-7.1308988302963465
2.1407902179241485,1.8267956369185747,2.1407902179241485,1.8267956369185747,-3583.84009666513,-7.418580902748128
2.1421293579586087,1.8281082728123206,2.1421293579586087,1.8281082728123206,-3582.9372493566048,-6.907755278982137
2.143802641203219,1.8283646793374735,2.143802641203219,1.8283646793374735,-3583.1083989438894,-6.437751649736401
2.1434190157185564,1.8279881661503792,2.1434190157185564,1.8279881661503792,-3583.364222406974,-5.744604469176456
2.1450904288742154,1.8282342370521418,2.1450904288742154,1.8282342370521418,-3583.6295663558544,-8.517193191416238
2.1458010891487436,1.828932632836906,2.1458010891487436,1.828932632836906,-3583.158103215303,-6.571283042360924
2.1436404676686327,1.828597080341135,2.1436404676686327,1.828597080341135,-3582.8458536357393,-7.418580902748128
2.141360944879775,1.828238994027974,2.141360944879775,1.828238994027974,-3582.6672030648283,-7.418580902748128
2.140631306124315,1.8281235699421117,2.140631306124315,1.8281235699421117,-3582.6382435697433,-6.907755278982137
2.140548687118686,1.8280717692106385,2.140548687118686,1.8280717692106385,-3583.053253594115,-5.8781358618009785
2.1351460666217323,1.8272082520975244,2.1351460666217323,1.8272082520975244,-3583.1611928328234,-5.952243833954701
2.1357664389472117,1.8273083356886415,2.1357664389472117,1.8273083356886415,-3583.1213153475896,-7.418580902748128
2.141124715344071,1.8281626875328483,2.141124715344071,1.8281626875328483,-3583.0779076740887,-5.381698975487088
2.1469846694702746,1.829072465287186,2.1469846694702746,1.829072465287186,-3583.870514973687,-6.725433722188183
2.1461323535818333,1.8289420460011523,2.1461323535818333,1.8289420460011523,-3583.6829986635153,-6.725433722188183
2.143697902394693,1.8285657748734907,2.143697902394693,1.8285657748734907,-3583.2932682041037,-8.517193191416238
2.1473979190134203,1.8291354322920164,2.1473979190134203,1.8291354322920164,-3583.9721955629902,-5.521460917862246
2.14735585335977,1.8285754136006553,2.14735585335977,1.8285754136006553,-3585.201854459115,-5.952243833954701
2.150048425223416,1.8289566170574285,2.150048425223416,1.8289566170574285,-3586.111477368255,-6.907755278982137
2.1501285427639942,1.8302023335463176,2.1501285427639942,1.8302023335463176,-3583.3859627383677,-5.8781358618009785
2.1211784039554917,1.8253685207431396,2.1211784039554917,1.8253685207431396,-3584.31332763556,-5.572754212249797
2.1433085949963218,1.829097207978102,2.1433085949963218,1.829097207978102,-3581.924333540326,-6.319968614080018
2.13109652770846,1.8270635955026884,2.13109652770846,1.8270635955026884,-3582.4091852193483,-6.907755278982137
2.145339507475706,1.8294289497488219,2.145339507475706,1.8294289497488219,-3582.1727109026597,-8.517193191416238
2.1311436389610354,1.8270715578585282,2.1311436389610354,1.8270715578585282,-3582.40264924864,-6.214608098422191
2.1495778020230962,1.8301141002174044,2.1495778020230962,1.8301141002174044,-3583.190697120756,-8.517193191416238
2.1375813727268014,1.8281513150836772,2.1375813727268014,1.8281513150836772,-3581.8063019731358,-5.744604469176456
2.136431645035436,1.8279597127379112,2.136431645035436,1.8279597127379112,-3581.8647718325406,-6.319968614080018
2.1378574225554985,1.8281972364337418,2.1378574225554985,1.8281972364337418,-3581.795834572572,-7.1308988302963465
2.135903273156825,1.827871475724447,2.135903273156825,1.827871475724447,-3581.8993484659336,-6.907755278982137
2.130991003994495,1.8270457576244743,2.130991003994495,1.8270457576244743,-3582.4239256827586,-8.517193191416238
2.125802864525979,1.8261634806209932,2.125802864525979,1.8261634806209932,-3583.3055428710545,-6.319968614080018
2.134631319799035,1.8276585943657984,2.134631319799035,1.8276585943657984,-3582.001269747758,-6.571283042360924
2.1390311130601507,1.8283921201616926,2.1390311130601507,1.8283921201616926,-3581.7677098436275,-7.418580902748128
2.142590671050225,1.8289794549216527,2.142590671050225,1.8289794549216527,-3581.8660090402873,-8.517193191416238
2.1480754795949766,1.8298724327649816,2.1480754795949766,1.8298724327649816,-3582.7392512917027,-7.418580902748128
2.150708954938237,1.8302950983289386,2.150708954938237,1.8302950983289386,-3583.6109849910754,-6.907755278982137
2.1428735307921656,1.8290258785520017,2.1428735307921656,1.8290258785520017,-3581.8872806263553,-7.824046010856292
2.1280810749698875,1.8265521677970928,2.1280810749698875,1.8265521677970928,-3582.8824203152913,-6.907755278982137
2.1281662052011097,1.8266347620109675,2.1281662052011097,1.8266347620109675,-3582.8247045429016,-7.1308988302963465
2.1477639892304206,1.8299081760937155,2.1477639892304206,1.8299081760937155,-3582.5644605174534,-7.418580902748128
2.1504449308661613,1.8303428267381328,2.1504449308661613,1.8303428267381328,-3583.392772907675,-7.1308988302963465
2.15233129040245,1.8306461420895535,2.15233129040245,1.8306461420895535,-3584.227088292198,-6.907755278982137
2.1128358885207854,1.8239740273241234,2.1128358885207854,1.8239740273241234,-3586.512398380036,-5.683979847360021
2.1531352928877916,1.8307747044695941,2.1531352928877916,1.8307747044695941,-3584.662492629005,-5.8781358618009785
2.145584400320993,1.8295520808445547,2.145584400320993,1.8295520808445547,-3582.128226095946,-7.1308988302963465
2.140835511886389,1.8287687247699376,2.140835511886389,1.8287687247699376,-3581.714025501343,-6.214608098422191
2.140517137333679,1.8284570428450102,2.140517137333679,1.8284570428450102,-3581.926212932859,-6.571283042360924
2.1334310540228443,1.827290300708645,2.1334310540228443,1.827290300708645,-3582.237712977275,-8.517193191416238
2.14081876723766,1.8285061479240867,2.14081876723766,1.8285061479240867,-3581.935272541834,-6.907755278982137
2.1403656322028235,1.828432359574684,2.1403656322028235,1.828432359574684,-3581.92246973458,-7.824046010856292
2.1403312788260047,1.8280948270320183,2.1403312788260047,1.8280948270320183,-3582.664228647768,-4.56594947283481
2.1372804556985585,1.8251084514853664,2.1372804556985585,1.8251084514853664,-3584.756963390764,-5.426150738057921
2.133637808013414,1.8246296031242455,2.133637808013414,1.8246296031242455,-3584.7192080383165,-6.907755278982137
2.1359472600063025,1.8268840216305373,2.1359472600063025,1.8268840216305373,-3583.119660616893,-6.907755278982137
2.1416448366532794,1.8277571644642072,2.1416448366532794,1.8277571644642072,-3583.2181718009233,-5.184988681241034
2.13255276089227,1.8263511087435205,2.13255276089227,1.8263511087435205,-3583.3621363728007,-5.8781358618009785
2.1380955007194355,1.8272166423811338,2.1380955007194355,1.8272166423811338,-3583.072453533513,-5.221356325411908
2.1322680163201,1.8263060271692995,2.1322680163201,1.8263060271692995,-3583.390715175634,-7.1308988302963465
2.1375202009043215,1.8271279438274843,2.1375202009043215,1.8271279438274843,-3583.076086114191,-7.824046010856292
2.1377861913296887,1.827387891139972,2.1377861913296887,1.827387891139972,-3582.8963562568756,-7.418580902748128
2.142671803197239,1.828144676775996,2.142671803197239,1.828144676775996,-3583.1021389843704,-8.517193191416238
2.13556161937544,1.8270370616120855,2.13556161937544,1.8270370616120855,-3582.9746592617644,-8.517193191416238
2.121638912969173,1.8247715534645423,2.121638912969173,1.8247715534645423,-3585.053593335335,-6.907755278982137
2.1306169239549506,1.8262453355508945,2.1306169239549506,1.8262453355508945,-3583.4410574125477,-7.824046010856292
2.1387681886023557,1.8275415901093355,2.1387681886023557,1.8275415901093355,-3582.8927274450007,-5.952243833954701
2.151040251008622,1.829380581114561,2.151040251008622,1.829380581114561,-3585.392227674041,-6.214608098422191
2.1510276058509694,1.8293680940324109,2.1510276058509694,1.8293680940324109,-3585.4006069362435,-6.571283042360924
2.150798536741526,1.8291418882732402,2.150798536741526,1.8291418882732402,-3585.5527354874152,-7.1308988302963465
2.1395876445774595,1.8274981730842768,2.1395876445774595,1.8274981730842768,-3583.0513126334795,-7.1308988302963465
2.1402590583995873,1.8281553134125585,2.1402590583995873,1.8281553134125585,-3582.600991611021,-8.517193191416238
2.1430873431901567,1.8286046143559542,2.1430873431901567,1.8286046143559542,-3582.7762564806135,-4.933674252960127
2.1320039703113305,1.8268159318174246,2.1320039703113305,1.8268159318174246,-3583.0333539358035,-6.725433722188183
2.1426369848647253,1.8285334449014554,2.1426369848647253,1.8285334449014554,-3582.7341375847145,-6.725433722188183
2.1441942021201545,1.828778886888386,2.1441942021201545,1.828778886888386,-3582.9053102204243,-8.517193191416238
2.1289846429028936,1.8263169945154516,2.1289846429028936,1.8263169945154516,-3583.4493515700574,-7.824046010856292
2.1243550287426554,1.8255435138062008,2.1243550287426554,1.8255435138062008,-3584.2859875292947,-6.119297918617867
2.1538000277132707,1.8260442686143328,2.1538000277132707,1.8260442686143328,-3594.863529136326,-6.725433722188183
2.152578621551672,1.8260480223594977,2.152578621551672,1.8260480223594977,-3592.7796014206974,-6.319968614080018
2.1269710007001836,1.823342024160677,2.1269710007001836,1.823342024160677,-3585.54315727703,-5.426150738057921
2.1323931771071907,1.824077485273073,2.1323931771071907,1.824077485273073,-3585.072210297351,-8.517193191416238
2.145480130892154,1.8255978250807663,2.145480130892154,1.8255978250807663,-3586.948943421463,-7.824046010856292
2.1393401222501214,1.8249444007539934,2.1393401222501214,1.8249444007539934,-3585.3340623388854,-8.517193191416238
2.1366611177411845,1.8246223260331196,2.1366611177411845,1.8246223260331196,-3585.0878699843693,-6.319968614080018
2.1385451445428454,1.8264663782917927,2.1385451445428454,1.8264663782917927,-3583.771239248546,-8.517193191416238
2.139908592969903,1.827800868162534,2.139908592969903,1.827800868162534,-3582.8451060996235,-7.418580902748128
2.1333128592293433,1.8267545311649713,2.1333128592293433,1.8267545311649713,-3583.0869724376244,-6.032286541628237
2.1409029632274477,1.828006330058948,2.1409029632274477,1.828006330058948,-3582.773435308305,-6.907755278982137
2.1405269955155277,1.8279475836587733,2.1405269955155277,1.8279475836587733,-3582.7555323130573,-6.907755278982137
2.146904218112983,1.8289268551110784,2.146904218112983,1.8289268551110784,-3583.6327841666457,-7.418580902748128
2.137844049905753,1.827525239782759,2.137844049905753,1.827525239782759,-3582.7226404413755,-6.119297918617867
2.135301847169217,1.8271203808059209,2.135301847169217,1.8271203808059209,-3582.825585891402,-5.149897361429764
2.1210237219048538,1.8247769344589697,2.1210237219048538,1.8247769344589697,-3585.061328373365,-6.437751649736401
2.1304888313363284,1.826342816436762,2.1304888313363284,1.826342816436762,-3583.30733443051,-7.824046010856292
2.1407327204025,1.8279797429056996,2.1407327204025,1.8279797429056996,-3582.764892935465,-4.990832666800076
2.1404584229534884,1.827711106954792,2.1404584229534884,1.827711106954792,-3582.9492437093663,-6.319968614080018
2.139419713117099,1.8266938272906608,2.139419713117099,1.8266938272906608,-3583.6555705260366,-6.571283042360924
2.141714119221799,1.827017986065076,2.141714119221799,1.827017986065076,-3583.8616460144794,-6.571283042360924
2.14265809042923,1.8279441301519148,2.14265809042923,1.8279441301519148,-3583.220776341453,-8.517193191416238
2.1393042179985855,1.8274355864313954,2.1393042179985855,1.8274355864313954,-3582.990672651088,-5.572754212249797
2.1313257802026526,1.8261871252871924,2.1313257802026526,1.8261871252871924,-3583.4019365544536,-7.1308988302963465
2.140546384604241,1.8276252353393274,2.140546384604241,1.8276252353393274,-3583.0413109474293,-5.809142990314028
2.1403815281672536,1.8274637552843276,2.1403815281672536,1.8274637552843276,-3583.1527539682206,-7.418580902748128
2.138787746713656,1.827222745589852,2.138787746713656,1.827222745589852,-3583.0926716370336,-6.571283042360924
2.1401020852290826,1.8285086028710011,2.1401020852290826,1.8285086028710011,-3582.2115000927374,-6.907755278982137
2.1400552049408983,1.8280611322069311,2.1400552049408983,1.8280611322069311,-3583.197791767748,-6.437751649736401
2.1433672227899474,1.8285848632089607,2.1433672227899474,1.8285848632089607,-3583.399264271795,-6.214608098422191
2.1448855050682285,1.8288222237519738,2.1448855050682285,1.8288222237519738,-3583.592488347633,-7.824046010856292
2.144933555421571,1.8293812680286134,2.144933555421571,1.8293812680286134,-3582.3647329574346,-6.319968614080018
2.133360760102322,1.827461391045371,2.133360760102322,1.827461391045371,-3582.4054359094143,-8.517193191416238
2.1368941693419194,1.8280535464890808,2.1368941693419194,1.8280535464890808,-3582.1135565525697,-6.119297918617867
2.136720936856782,1.8265782358562346,2.136720936856782,1.8265782358562346,-3585.380587765906,-6.319968614080018
2.143692782697905,1.8276032403618219,2.143692782697905,1.8276032403618219,-3585.7579737772026,-7.824046010856292
2.145333517909204,1.8278358043661422,2.145333517909204,1.8278358043661422,-3586.038167744502,-7.824046010856292
2.142927640422246,1.8274935108910868,2.142927640422246,1.8274935108910868,-3585.6565095564474,-8.517193191416238
2.1385489947781595,1.826852037950398,2.1385489947781595,1.826852037950398,-3585.373113183311,-5.809142990314028
2.1372728560364873,1.8256049176978384,2.1372728560364873,1.8256049176978384,-3586.2249629827297,-5.184988681241034
2.137357001074409,1.8263659116316542,2.137357001074409,1.8263659116316542,-3584.541190059188,-6.319968614080018
2.1308732501371677,1.825399123186763,2.1308732501371677,1.825399123186763,-3584.8974679491043,-4.990832666800076
2.1366169847162246,1.8262577537761082,2.1366169847162246,1.8262577537761082,-3584.5437053194746,-6.907755278982137
2.1487824567454012,1.8279323474939744,2.1487824567454012,1.8279323474939744,-3586.5272686632884,-6.725433722188183
2.1195126612463673,1.8236207114091645,2.1195126612463673,1.8236207114091645,-3586.8525778407316,-5.8781358618009785
2.1510624588771488,1.8282098484544562,2.1510624588771488,1.8282098484544562,-3587.664234006129,-5.744604469176456
2.1212352057030563,1.8238961974964953,2.1212352057030563,1.8238961974964953,-3586.4740888477013,-7.824046010856292
2.1216735975200085,1.8243198877684095,2.1216735975200085,1.8243198877684095,-3586.171545945158,-6.907755278982137
2.118570444961363,1.8238132824277458,2.118570444961363,1.8238132824277458,-3586.87409644249,-7.418580902748128
2.12642149117079,1.8250839214044743,2.12642149117079,1.8250839214044743,-3585.261797508308,-7.418580902748128
2.1491169124840153,1.8284748741074224,2.1491169124840153,1.8284748741074224,-3586.038984976683,-7.418580902748128
2.1382315709089434,1.826915630714114,2.1382315709089434,1.826915630714114,-3584.2019637768976,-5.744604469176456
2.140920445591375,1.8273154866287449,2.140920445591375,1.8273154866287449,-3584.3080029798393,-5.744604469176456
2.140988459048487,1.8280075132320692,2.140988459048487,1.8280075132320692,-3582.78507323766,-6.725433722188183
2.1409727234376783,1.8280050603709288,2.1409727234376783,1.8280050603709288,-3582.7842109591925,-7.824046010856292
2.143214056630733,1.8283523254965188,2.143214056630733,1.8283523254965188,-3582.9746445816577,-6.725433722188183
2.1264542538373927,1.8256706205398345,2.1264542538373927,1.8256706205398345,-3583.94593922445,-8.517193191416238
2.14773924649177,1.8290384766007182,2.14773924649177,1.8290384766007182,-3583.872062298326,-5.572754212249797
2.1207489978604905,1.8247210235611355,2.1207489978604905,1.8247210235611355,-3585.1267671288383,-5.952243833954701
2.146458739417441,1.8288466145668856,2.146458739417441,1.8288466145668856,-3583.53536875929,-6.571283042360924
2.146456554488774,1.8288180539538608,2.146456554488774,1.8288180539538608,-3583.597855742541,-7.824046010856292
2.1415670826956954,1.828071201489564,2.1415670826956954,1.828071201489564,-3582.8801782720357,-8.517193191416238
2.141740660986401,1.8282413068804144,2.141740660986401,1.8282413068804144,-3582.764098183197,-6.725433722188183
2.127964461953352,1.826018982494654,2.127964461953352,1.826018982494654,-3583.6588066537392,-7.824046010856292
2.127982606750798,1.8261408932157877,2.127982606750798,1.8261408932157877,-3583.3883860476676,-7.1308988302963465
2.125217289158917,1.8256790353927936,2.125217289158917,1.8256790353927936,-3583.8919838425973,-7.418580902748128
2.1448950292511713,1.8288766079080334,2.1448950292511713,1.8288766079080334,-3582.8052990362235,-7.418580902748128
2.1407152047159252,1.8282169241799482,2.1407152047159252,1.8282169241799482,-3582.4003150997696,-6.032286541628237
2.136577081069806,1.827552146905354,2.136577081069806,1.827552146905354,-3582.424279721731,-8.517193191416238
2.1470442386902806,1.8292103030557956,2.1470442386902806,1.8292103030557956,-3583.239510777369,-6.119297918617867
2.1454551208202277,1.8289639657664478,2.1454551208202277,1.8289639657664478,-3582.9013796732065,-6.725433722188183
2.145502621063728,1.8290106493535263,2.145502621063728,1.8290106493535263,-3582.8698192528286,-6.119297918617867
2.131126367625233,1.8266944545400388,2.131126367625233,1.8266944545400388,-3582.8966130305457,-6.571283042360924
2.131284425291097,1.826848153570686,2.131284425291097,1.826848153570686,-3582.789616362394,-7.418580902748128
2.143872892555009,1.8289031002215264,2.143872892555009,1.8289031002215264,-3582.4793242390415,-7.1308988302963465
2.1470591573393714,1.8294082390456197,2.1470591573393714,1.8294082390456197,-3583.030164172846,-6.725433722188183
2.1419353248520605,1.8285925428036447,2.1419353248520605,1.8285925428036447,-3582.3048441792057,-5.8781358618009785
2.1369574114216867,1.8277845581952605,2.1369574114216867,1.8277845581952605,-3582.275668480944,-7.824046010856292
2.132555831457127,1.8270593558421058,2.132555831457127,1.8270593558421058,-3582.6332524237514,-7.824046010856292
2.150716584370855,1.8299778402506468,2.150716584370855,1.8299778402506468,-3584.209314743922,-5.426150738057921
2.1526181143787957,1.8301157699959674,2.1526181143787957,1.8301157699959674,-3585.372324933895,-6.571283042360924
2.122025935458708,1.8251847002296329,2.122025935458708,1.8251847002296329,-3584.539543559563,-6.725433722188183
2.134483813159112,1.8272607002869399,2.134483813159112,1.8272607002869399,-3582.5246183422882,-6.319968614080018
2.147305408315948,1.8293081719019104,2.147305408315948,1.8293081719019104,-3583.241427748244,-6.907755278982137
2.1473095232875323,1.8293636880341355,2.1473095232875323,1.8293636880341355,-3583.120085617759,-5.809142990314028
2.147929121665115,1.8294600376361376,2.147929121665115,1.8294600376361376,-3583.2846823230075,-6.214608098422191
2.1377335638548924,1.827837834626238,2.1377335638548924,1.827837834626238,-3582.2342537541026,-8.517193191416238
2.137136674321006,1.8277408095063192,2.137136674321006,1.8277408095063192,-3582.25436741069,-6.119297918617867
2.1324819252158735,1.8269777017185964,2.1324819252158735,1.8269777017185964,-3582.619369835311,-7.1308988302963465
2.1449600516822342,1.8289953407784232,2.1449600516822342,1.8289953407784232,-3582.641903854919,-7.418580902748128
2.144946562836859,1.8289869097421607,2.144946562836859,1.8289869097421607,-3582.7097336575885,-7.1308988302963465
2.143754737170979,1.8287984909283963,2.143754737170979,1.8287984909283963,-3582.5427554313605,-6.214608098422191
2.143744705121135,1.828684692000554,2.143744705121135,1.828684692000554,-3582.7921865213893,-6.725433722188183
2.1358630129684433,1.8274256741335175,2.1358630129684433,1.8274256741335175,-3582.607319888044,-5.115995809754082
2.1400032265153004,1.8280921160605286,2.1400032265153004,1.8280921160605286,-3582.5263440429057,-7.824046010856292
2.134457584641209,1.827197163545971,2.134457584641209,1.827197163545971,-3582.7061748723277,-5.952243833954701
2.134634816068052,1.8273088535761501,2.134634816068052,1.8273088535761501,-3581.8164274562255,-8.517193191416238
2.140598162973376,1.8282754304017097,2.140598162973376,1.8282754304017097,-3581.58800220202,-5.8781358618009785
2.1389379614044923,1.8280083842270383,2.1389379614044923,1.8280083842270383,-3581.582562449702,-7.824046010856292
2.1498572056663905,1.8297285125935043,2.1498572056663905,1.8297285125935043,-3583.112775723058,-7.824046010856292
2.1497609989833553,1.829633644564406,2.1497609989833553,1.829633644564406,-3583.1763391575078,-5.8781358618009785
2.149928576873461,1.8297988906648248,2.149928576873461,1.8297988906648248,-3583.065693622864,-6.119297918617867
2.1437133494944987,1.8288257364584246,2.1437133494944987,1.8288257364584246,-3581.7275128317033,-7.824046010856292
2.14555632223605,1.8291175624897025,2.14555632223605,1.8291175624897025,-3581.967513631328,-6.725433722188183
2.1492306275544055,1.8296913078255275,2.1492306275544055,1.8296913078255275,-3582.8299250247646,-6.571283042360924
2.148498067623714,1.8295778712696673,2.148498067623714,1.8295778712696673,-3582.6099511596826,-6.725433722188183
2.14891300224107,1.8296421870799415,2.14891300224107,1.8296421870799415,-3582.7312301046127,-6.032286541628237
2.153026169540817,1.830269620068254,2.153026169540817,1.830269620068254,-3584.488461920681,-5.626821433520073
2.148397773325525,1.829562301131448,2.148397773325525,1.829562301131448,-3582.5818960526976,-6.907755278982137
2.1273328974386416,1.8261449602175983,2.1273328974386416,1.8261449602175983,-3582.808583928082,-7.1308988302963465
2.1337433115788897,1.8272105207829061,2.1337433115788897,1.8272105207829061,-3581.8695571348726,-6.119297918617867
2.1422484007565035,1.8285920883858007,2.1422484007565035,1.8285920883858007,-3581.60979154509,-7.1308988302963465
2.1432495939532266,1.828751925846051,2.1432495939532266,1.828751925846051,-3581.683717919717,-5.683979847360021
2.1470403049959237,1.8293506749091764,2.1470403049959237,1.8293506749091764,-3582.247142546875,-6.437751649736401
2.1342100323605315,1.8272873361770778,2.1342100323605315,1.8272873361770778,-3581.8220902700004,-6.725433722188183
2.1384760981978173,1.8279842747019928,2.1384760981978173,1.8279842747019928,-3581.5514050029306,-6.319968614080018
2.1484512102335698,1.8295705980802437,2.1484512102335698,1.8295705980802437,-3582.5967839000396,-7.1308988302963465
2.148758035108662,1.8298727921821023,2.148758035108662,1.8298727921821023,-3582.394676237855,-6.907755278982137
