iterationName	gameid	trialNum	serverTime	targetDistance	distractorDistance	localTime	rawMouseX	rawMouseY	eventType
planned_sample	6359-ee35b23b-7ebe-42a5-8ab7-53d495b42dc7	1	1522371460629	589	none	1522371455254	874	911	updateMouse
planned_sample	6359-ee35b23b-7ebe-42a5-8ab7-53d495b42dc7	1	1522371461058	589	none	1522371455688	896	911	updateMouse
planned_sample	6359-ee35b23b-7ebe-42a5-8ab7-53d495b42dc7	1	1522371461083	589	none	1522371455711	907	911	updateMouse
planned_sample	6359-ee35b23b-7ebe-42a5-8ab7-53d495b42dc7	1	1522371461096	589	none	1522371455726	921	911	updateMouse
planned_sample	6359-ee35b23b-7ebe-42a5-8ab7-53d495b42dc7	1	1522371461115	589	none	1522371455744	926	911	updateMouse
planned_sample	6359-ee35b23b-7ebe-42a5-8ab7-53d495b42dc7	1	1522371461134	590	none	1522371455766	935	911	updateMouse
planned_sample	6359-ee35b23b-7ebe-42a5-8ab7-53d495b42dc7	1	1522371461576	589	none	1522371456205	929	911	updateMouse
planned_sample	6359-ee35b23b-7ebe-42a5-8ab7-53d495b42dc7	1	1522371461602	589	none	1522371456234	924	911	updateMouse
planned_sample	6359-ee35b23b-7ebe-42a5-8ab7-53d495b42dc7	1	1522371461640	589	none	1522371456273	910	911	updateMouse
planned_sample	6359-ee35b23b-7ebe-42a5-8ab7-53d495b42dc7	1	1522371461672	589	none	1522371456305	905	911	updateMouse
planned_sample	6359-ee35b23b-7ebe-42a5-8ab7-53d495b42dc7	1	1522371461698	589	none	1522371456326	899	911	updateMouse
planned_sample	6359-ee35b23b-7ebe-42a5-8ab7-53d495b42dc7	1	1522371461717	589	none	1522371456346	891	911	updateMouse
planned_sample	6359-ee35b23b-7ebe-42a5-8ab7-53d495b42dc7	1	1522371461736	589	none	1522371456369	885	911	updateMouse
planned_sample	6359-ee35b23b-7ebe-42a5-8ab7-53d495b42dc7	1	1522371462335	589	none	1522371456963	877	911	updateMouse
planned_sample	6359-ee35b23b-7ebe-42a5-8ab7-53d495b42dc7	1	1522371462366	592	none	1522371456997	877	908	updateMouse
planned_sample	6359-ee35b23b-7ebe-42a5-8ab7-53d495b42dc7	1	1522371463397	592	none	1522371458032	872	908	updateMouse
planned_sample	6359-ee35b23b-7ebe-42a5-8ab7-53d495b42dc7	1	1522371463416	592	none	1522371458049	866	908	updateMouse
planned_sample	6359-ee35b23b-7ebe-42a5-8ab7-53d495b42dc7	1	1522371463443	593	none	1522371458074	858	908	updateMouse
planned_sample	6359-ee35b23b-7ebe-42a5-8ab7-53d495b42dc7	1	1522371463461	593	none	1522371458093	853	908	updateMouse
planned_sample	6359-ee35b23b-7ebe-42a5-8ab7-53d495b42dc7	1	1522371463480	591	none	1522371458109	847	911	updateMouse
planned_sample	6359-ee35b23b-7ebe-42a5-8ab7-53d495b42dc7	1	1522371463493	578	none	1522371458127	847	924	updateMouse
planned_sample	6359-ee35b23b-7ebe-42a5-8ab7-53d495b42dc7	1	1522371463512	573	none	1522371458142	839	930	updateMouse
planned_sample	6359-ee35b23b-7ebe-42a5-8ab7-53d495b42dc7	1	1522371463533	554	none	1522371458160	839	949	updateMouse
planned_sample	6359-ee35b23b-7ebe-42a5-8ab7-53d495b42dc7	1	1522371463547	508	none	1522371458177	839	995	updateMouse
planned_sample	6359-ee35b23b-7ebe-42a5-8ab7-53d495b42dc7	1	1522371463560	450	none	1522371458192	844	1053	updateMouse
planned_sample	6359-ee35b23b-7ebe-42a5-8ab7-53d495b42dc7	1	1522371463612	284	none	1522371458236	874	1217	updateMouse
planned_sample	6359-ee35b23b-7ebe-42a5-8ab7-53d495b42dc7	1	1522371463631	152	none	1522371458260	888	1348	updateMouse
planned_sample	6359-ee35b23b-7ebe-42a5-8ab7-53d495b42dc7	1	1522371463643	108	none	1522371458276	888	1392	updateMouse
planned_sample	6359-ee35b23b-7ebe-42a5-8ab7-53d495b42dc7	1	1522371463663	89	none	1522371458295	902	1411	updateMouse
planned_sample	6359-ee35b23b-7ebe-42a5-8ab7-53d495b42dc7	1	1522371463682	48	none	1522371458311	902	1452	updateMouse
planned_sample	6359-ee35b23b-7ebe-42a5-8ab7-53d495b42dc7	1	1522371463695	29	none	1522371458326	902	1471	updateMouse
planned_sample	6359-ee35b23b-7ebe-42a5-8ab7-53d495b42dc7	1	1522371463714	9	none	1522371458342	902	1509	updateMouse
planned_sample	6359-ee35b23b-7ebe-42a5-8ab7-53d495b42dc7	1	1522371463733	37	none	1522371458360	907	1537	updateMouse
planned_sample	6359-ee35b23b-7ebe-42a5-8ab7-53d495b42dc7	1	1522371463746	42	none	1522371458375	907	1542	updateMouse
planned_sample	6359-ee35b23b-7ebe-42a5-8ab7-53d495b42dc7	1	1522371463759	61	none	1522371458392	907	1561	updateMouse
planned_sample	6359-ee35b23b-7ebe-42a5-8ab7-53d495b42dc7	1	1522371463778	67	none	1522371458411	907	1567	updateMouse
planned_sample	6359-ee35b23b-7ebe-42a5-8ab7-53d495b42dc7	1	1522371463797	75	none	1522371458427	907	1575	updateMouse
planned_sample	6359-ee35b23b-7ebe-42a5-8ab7-53d495b42dc7	1	1522371465375	75	none	1522371460003	905	1575	updateMouse
planned_sample	6359-ee35b23b-7ebe-42a5-8ab7-53d495b42dc7	2	1522371491267	847	605	1522371485891	905	897	updateMouse
planned_sample	6359-ee35b23b-7ebe-42a5-8ab7-53d495b42dc7	2	1522371493266	841	605	1522371487894	905	905	updateMouse
planned_sample	6359-ee35b23b-7ebe-42a5-8ab7-53d495b42dc7	2	1522371493279	823	605	1522371487908	905	930	updateMouse
planned_sample	6359-ee35b23b-7ebe-42a5-8ab7-53d495b42dc7	2	1522371493298	766	644	1522371487926	940	976	updateMouse
planned_sample	6359-ee35b23b-7ebe-42a5-8ab7-53d495b42dc7	2	1522371493311	715	678	1522371487941	967	1023	updateMouse
planned_sample	6359-ee35b23b-7ebe-42a5-8ab7-53d495b42dc7	2	1522371493330	647	737	1522371487959	1019	1066	updateMouse
planned_sample	6359-ee35b23b-7ebe-42a5-8ab7-53d495b42dc7	2	1522371493349	598	773	1522371487977	1044	1113	updateMouse
planned_sample	6359-ee35b23b-7ebe-42a5-8ab7-53d495b42dc7	2	1522371493362	515	848	1522371487991	1104	1170	updateMouse
planned_sample	6359-ee35b23b-7ebe-42a5-8ab7-53d495b42dc7	2	1522371493381	460	900	1522371488008	1148	1203	updateMouse
planned_sample	6359-ee35b23b-7ebe-42a5-8ab7-53d495b42dc7	2	1522371493394	391	960	1522371488026	1189	1263	updateMouse
planned_sample	6359-ee35b23b-7ebe-42a5-8ab7-53d495b42dc7	2	1522371493413	322	1027	1522371488041	1246	1301	updateMouse
planned_sample	6359-ee35b23b-7ebe-42a5-8ab7-53d495b42dc7	2	1522371493432	261	1086	1522371488060	1293	1340	updateMouse
planned_sample	6359-ee35b23b-7ebe-42a5-8ab7-53d495b42dc7	2	1522371493446	230	1114	1522371488075	1312	1367	updateMouse
planned_sample	6359-ee35b23b-7ebe-42a5-8ab7-53d495b42dc7	2	1522371493461	158	1184	1522371488093	1369	1411	updateMouse
planned_sample	6359-ee35b23b-7ebe-42a5-8ab7-53d495b42dc7	2	1522371493480	120	1222	1522371488109	1402	1430	updateMouse
planned_sample	6359-ee35b23b-7ebe-42a5-8ab7-53d495b42dc7	2	1522371493490	109	1235	1522371488125	1416	1430	updateMouse
planned_sample	6359-ee35b23b-7ebe-42a5-8ab7-53d495b42dc7	2	1522371493509	100	1243	1522371488142	1421	1438	updateMouse
planned_sample	6359-ee35b23b-7ebe-42a5-8ab7-53d495b42dc7	2	1522371493528	94	1250	1522371488159	1429	1438	updateMouse
planned_sample	6359-ee35b23b-7ebe-42a5-8ab7-53d495b42dc7	2	1522371494274	90	1253	1522371488905	1429	1444	updateMouse
planned_sample	6359-ee35b23b-7ebe-42a5-8ab7-53d495b42dc7	2	1522371494306	63	1279	1522371488936	1449	1463	updateMouse
planned_sample	6359-ee35b23b-7ebe-42a5-8ab7-53d495b42dc7	2	1522371494325	43	1300	1522371488958	1468	1471	updateMouse
planned_sample	6359-ee35b23b-7ebe-42a5-8ab7-53d495b42dc7	2	1522371494346	40	1302	1522371488975	1468	1476	updateMouse
planned_sample	6359-ee35b23b-7ebe-42a5-8ab7-53d495b42dc7	2	1522371494360	6	1335	1522371488992	1495	1496	updateMouse
planned_sample	6359-ee35b23b-7ebe-42a5-8ab7-53d495b42dc7	2	1522371494379	9	1345	1522371489009	1500	1509	updateMouse
planned_sample	6359-ee35b23b-7ebe-42a5-8ab7-53d495b42dc7	2	1522371494392	10	1351	1522371489024	1506	1509	updateMouse
planned_sample	6359-ee35b23b-7ebe-42a5-8ab7-53d495b42dc7	2	1522371494412	16	1353	1522371489042	1506	1515	updateMouse
planned_sample	6359-ee35b23b-7ebe-42a5-8ab7-53d495b42dc7	2	1522371494450	23	1357	1522371489081	1506	1523	updateMouse
planned_sample	6359-ee35b23b-7ebe-42a5-8ab7-53d495b42dc7	2	1522371495298	23	1350	1522371489925	1498	1523	updateMouse
planned_sample	6359-ee35b23b-7ebe-42a5-8ab7-53d495b42dc7	2	1522371495310	33	1330	1522371489942	1476	1523	updateMouse
planned_sample	6359-ee35b23b-7ebe-42a5-8ab7-53d495b42dc7	2	1522371495330	61	1301	1522371489959	1443	1523	updateMouse
planned_sample	6359-ee35b23b-7ebe-42a5-8ab7-53d495b42dc7	2	1522371495342	82	1274	1522371489975	1418	1512	updateMouse
planned_sample	6359-ee35b23b-7ebe-42a5-8ab7-53d495b42dc7	2	1522371495362	120	1238	1522371489992	1380	1507	updateMouse
planned_sample	6359-ee35b23b-7ebe-42a5-8ab7-53d495b42dc7	2	1522371495381	153	1205	1522371490008	1347	1498	updateMouse
planned_sample	6359-ee35b23b-7ebe-42a5-8ab7-53d495b42dc7	2	1522371495394	180	1176	1522371490025	1320	1487	updateMouse
planned_sample	6359-ee35b23b-7ebe-42a5-8ab7-53d495b42dc7	2	1522371495413	224	1134	1522371490041	1276	1479	updateMouse
planned_sample	6359-ee35b23b-7ebe-42a5-8ab7-53d495b42dc7	2	1522371495427	239	1117	1522371490058	1263	1466	updateMouse
planned_sample	6359-ee35b23b-7ebe-42a5-8ab7-53d495b42dc7	3	1522371495446	1083	none	1522371490075	1230	1455	updateMouse
planned_sample	6359-ee35b23b-7ebe-42a5-8ab7-53d495b42dc7	3	1522371495464	1038	none	1522371490092	1202	1414	updateMouse
planned_sample	6359-ee35b23b-7ebe-42a5-8ab7-53d495b42dc7	3	1522371495477	988	none	1522371490108	1164	1381	updateMouse
planned_sample	6359-ee35b23b-7ebe-42a5-8ab7-53d495b42dc7	3	1522371495496	945	none	1522371490124	1131	1351	updateMouse
planned_sample	6359-ee35b23b-7ebe-42a5-8ab7-53d495b42dc7	3	1522371495509	864	none	1522371490142	1074	1285	updateMouse
planned_sample	6359-ee35b23b-7ebe-42a5-8ab7-53d495b42dc7	3	1522371495528	833	none	1522371490159	1055	1252	updateMouse
planned_sample	6359-ee35b23b-7ebe-42a5-8ab7-53d495b42dc7	3	1522371495541	792	none	1522371490174	1028	1214	updateMouse
planned_sample	6359-ee35b23b-7ebe-42a5-8ab7-53d495b42dc7	3	1522371495560	769	none	1522371490192	1014	1187	updateMouse
planned_sample	6359-ee35b23b-7ebe-42a5-8ab7-53d495b42dc7	3	1522371495580	729	none	1522371490209	989	1140	updateMouse
planned_sample	6359-ee35b23b-7ebe-42a5-8ab7-53d495b42dc7	3	1522371495599	687	none	1522371490225	956	1107	updateMouse
planned_sample	6359-ee35b23b-7ebe-42a5-8ab7-53d495b42dc7	3	1522371495611	672	none	1522371490241	951	1069	updateMouse
planned_sample	6359-ee35b23b-7ebe-42a5-8ab7-53d495b42dc7	3	1522371495634	641	none	1522371490258	924	1050	updateMouse
planned_sample	6359-ee35b23b-7ebe-42a5-8ab7-53d495b42dc7	3	1522371495647	621	none	1522371490275	910	1017	updateMouse
planned_sample	6359-ee35b23b-7ebe-42a5-8ab7-53d495b42dc7	3	1522371495666	589	none	1522371490294	885	971	updateMouse
planned_sample	6359-ee35b23b-7ebe-42a5-8ab7-53d495b42dc7	3	1522371495679	558	none	1522371490309	858	932	updateMouse
planned_sample	6359-ee35b23b-7ebe-42a5-8ab7-53d495b42dc7	3	1522371495698	547	none	1522371490326	847	913	updateMouse
planned_sample	6359-ee35b23b-7ebe-42a5-8ab7-53d495b42dc7	3	1522371495711	507	none	1522371490344	806	867	updateMouse
planned_sample	6359-ee35b23b-7ebe-42a5-8ab7-53d495b42dc7	3	1522371495730	490	none	1522371490357	787	842	updateMouse
planned_sample	6359-ee35b23b-7ebe-42a5-8ab7-53d495b42dc7	3	1522371495749	435	none	1522371490376	721	790	updateMouse
planned_sample	6359-ee35b23b-7ebe-42a5-8ab7-53d495b42dc7	3	1522371495762	414	none	1522371490391	689	758	updateMouse
planned_sample	6359-ee35b23b-7ebe-42a5-8ab7-53d495b42dc7	3	1522371495781	405	none	1522371490408	678	752	updateMouse
planned_sample	6359-ee35b23b-7ebe-42a5-8ab7-53d495b42dc7	3	1522371495794	393	none	1522371490425	659	738	updateMouse
planned_sample	6359-ee35b23b-7ebe-42a5-8ab7-53d495b42dc7	3	1522371495813	372	none	1522371490443	631	730	updateMouse
planned_sample	6359-ee35b23b-7ebe-42a5-8ab7-53d495b42dc7	3	1522371495832	360	none	1522371490460	618	730	updateMouse
planned_sample	6359-ee35b23b-7ebe-42a5-8ab7-53d495b42dc7	3	1522371522735	547	none	1522371517366	847	908	updateMouse
planned_sample	6359-ee35b23b-7ebe-42a5-8ab7-53d495b42dc7	3	1522371522747	533	none	1522371517376	833	908	updateMouse
planned_sample	6359-ee35b23b-7ebe-42a5-8ab7-53d495b42dc7	3	1522371522767	520	none	1522371517394	820	908	updateMouse
planned_sample	6359-ee35b23b-7ebe-42a5-8ab7-53d495b42dc7	3	1522371522779	435	none	1522371517411	735	908	updateMouse
planned_sample	6359-ee35b23b-7ebe-42a5-8ab7-53d495b42dc7	3	1522371522799	402	none	1522371517425	702	908	updateMouse
planned_sample	6359-ee35b23b-7ebe-42a5-8ab7-53d495b42dc7	3	1522371522811	337	none	1522371517443	637	908	updateMouse
planned_sample	6359-ee35b23b-7ebe-42a5-8ab7-53d495b42dc7	3	1522371522831	312	none	1522371517458	612	908	updateMouse
planned_sample	6359-ee35b23b-7ebe-42a5-8ab7-53d495b42dc7	3	1522371522850	241	none	1522371517476	541	911	updateMouse
planned_sample	6359-ee35b23b-7ebe-42a5-8ab7-53d495b42dc7	3	1522371522863	227	none	1522371517492	527	911	updateMouse
planned_sample	6359-ee35b23b-7ebe-42a5-8ab7-53d495b42dc7	3	1522371522882	208	none	1522371517510	508	911	updateMouse
planned_sample	6359-ee35b23b-7ebe-42a5-8ab7-53d495b42dc7	3	1522371522894	162	none	1522371517526	462	911	updateMouse
planned_sample	6359-ee35b23b-7ebe-42a5-8ab7-53d495b42dc7	3	1522371522914	123	none	1522371517542	423	911	updateMouse
planned_sample	6359-ee35b23b-7ebe-42a5-8ab7-53d495b42dc7	3	1522371522926	105	none	1522371517559	404	916	updateMouse
planned_sample	6359-ee35b23b-7ebe-42a5-8ab7-53d495b42dc7	3	1522371522946	92	none	1522371517575	391	916	updateMouse
planned_sample	6359-ee35b23b-7ebe-42a5-8ab7-53d495b42dc7	3	1522371522959	60	none	1522371517592	358	916	updateMouse
planned_sample	6359-ee35b23b-7ebe-42a5-8ab7-53d495b42dc7	3	1522371522991	54	none	1522371517622	352	916	updateMouse
planned_sample	6359-ee35b23b-7ebe-42a5-8ab7-53d495b42dc7	3	1522371523698	40	none	1522371518329	333	924	updateMouse
planned_sample	6359-ee35b23b-7ebe-42a5-8ab7-53d495b42dc7	3	1522371523710	39	none	1522371518342	325	930	updateMouse
planned_sample	6359-ee35b23b-7ebe-42a5-8ab7-53d495b42dc7	3	1522371523729	45	none	1522371518360	325	938	updateMouse
planned_sample	6359-ee35b23b-7ebe-42a5-8ab7-53d495b42dc7	3	1522371523762	47	none	1522371518393	320	943	updateMouse
planned_sample	6359-ee35b23b-7ebe-42a5-8ab7-53d495b42dc7	3	1522371523787	44	none	1522371518416	311	943	updateMouse
planned_sample	6359-ee35b23b-7ebe-42a5-8ab7-53d495b42dc7	3	1522371525260	43	none	1522371519887	306	943	updateMouse
planned_sample	6359-ee35b23b-7ebe-42a5-8ab7-53d495b42dc7	3	1522371525285	49	none	1522371519916	300	949	updateMouse
planned_sample	6359-ee35b23b-7ebe-42a5-8ab7-53d495b42dc7	3	1522371525306	49	none	1522371519932	292	949	updateMouse
planned_sample	6359-ee35b23b-7ebe-42a5-8ab7-53d495b42dc7	3	1522371525336	50	none	1522371519964	287	949	updateMouse
planned_sample	6359-ee35b23b-7ebe-42a5-8ab7-53d495b42dc7	3	1522371525368	53	none	1522371519997	279	949	updateMouse
planned_sample	6359-ee35b23b-7ebe-42a5-8ab7-53d495b42dc7	4	1522371550063	682	728	1522371544694	806	976	updateMouse
planned_sample	6359-ee35b23b-7ebe-42a5-8ab7-53d495b42dc7	4	1522371550082	704	698	1522371544710	782	995	updateMouse
planned_sample	6359-ee35b23b-7ebe-42a5-8ab7-53d495b42dc7	4	1522371550094	712	687	1522371544725	773	1001	updateMouse
planned_sample	6359-ee35b23b-7ebe-42a5-8ab7-53d495b42dc7	4	1522371550114	722	674	1522371544744	762	1009	updateMouse
planned_sample	6359-ee35b23b-7ebe-42a5-8ab7-53d495b42dc7	4	1522371550133	737	658	1522371544762	754	1023	updateMouse
planned_sample	6359-ee35b23b-7ebe-42a5-8ab7-53d495b42dc7	4	1522371550165	764	618	1522371544797	716	1042	updateMouse
planned_sample	6359-ee35b23b-7ebe-42a5-8ab7-53d495b42dc7	4	1522371550178	814	555	1522371544810	664	1080	updateMouse
planned_sample	6359-ee35b23b-7ebe-42a5-8ab7-53d495b42dc7	4	1522371550197	838	528	1522371544826	645	1099	updateMouse
planned_sample	6359-ee35b23b-7ebe-42a5-8ab7-53d495b42dc7	4	1522371550217	841	523	1522371544843	637	1099	updateMouse
planned_sample	6359-ee35b23b-7ebe-42a5-8ab7-53d495b42dc7	4	1522371550242	857	506	1522371544868	626	1113	updateMouse
planned_sample	6359-ee35b23b-7ebe-42a5-8ab7-53d495b42dc7	4	1522371550261	885	473	1522371544892	598	1132	updateMouse
planned_sample	6359-ee35b23b-7ebe-42a5-8ab7-53d495b42dc7	4	1522371550280	889	469	1522371544908	598	1137	updateMouse
planned_sample	6359-ee35b23b-7ebe-42a5-8ab7-53d495b42dc7	4	1522371550293	911	443	1522371544926	574	1151	updateMouse
planned_sample	6359-ee35b23b-7ebe-42a5-8ab7-53d495b42dc7	4	1522371550312	918	437	1522371544945	574	1159	updateMouse
planned_sample	6359-ee35b23b-7ebe-42a5-8ab7-53d495b42dc7	4	1522371550331	921	432	1522371544960	566	1159	updateMouse
planned_sample	6359-ee35b23b-7ebe-42a5-8ab7-53d495b42dc7	4	1522371550346	927	427	1522371544975	566	1165	updateMouse
planned_sample	6359-ee35b23b-7ebe-42a5-8ab7-53d495b42dc7	4	1522371550363	929	424	1522371544993	560	1165	updateMouse
planned_sample	6359-ee35b23b-7ebe-42a5-8ab7-53d495b42dc7	4	1522371550396	932	419	1522371545023	552	1165	updateMouse
planned_sample	6359-ee35b23b-7ebe-42a5-8ab7-53d495b42dc7	4	1522371550434	944	403	1522371545065	533	1170	updateMouse
planned_sample	6359-ee35b23b-7ebe-42a5-8ab7-53d495b42dc7	4	1522371550447	953	393	1522371545075	527	1178	updateMouse
planned_sample	6359-ee35b23b-7ebe-42a5-8ab7-53d495b42dc7	4	1522371550466	961	386	1522371545094	522	1184	updateMouse
planned_sample	6359-ee35b23b-7ebe-42a5-8ab7-53d495b42dc7	4	1522371550478	972	371	1522371545109	495	1184	updateMouse
planned_sample	6359-ee35b23b-7ebe-42a5-8ab7-53d495b42dc7	4	1522371550491	974	368	1522371545125	489	1184	updateMouse
planned_sample	6359-ee35b23b-7ebe-42a5-8ab7-53d495b42dc7	4	1522371550517	984	357	1522371545143	467	1184	updateMouse
planned_sample	6359-ee35b23b-7ebe-42a5-8ab7-53d495b42dc7	4	1522371550530	986	355	1522371545161	462	1184	updateMouse
planned_sample	6359-ee35b23b-7ebe-42a5-8ab7-53d495b42dc7	4	1522371550549	992	348	1522371545177	448	1184	updateMouse
planned_sample	6359-ee35b23b-7ebe-42a5-8ab7-53d495b42dc7	4	1522371550561	995	346	1522371545194	443	1184	updateMouse
planned_sample	6359-ee35b23b-7ebe-42a5-8ab7-53d495b42dc7	4	1522371550672	997	344	1522371545303	437	1184	updateMouse
planned_sample	6359-ee35b23b-7ebe-42a5-8ab7-53d495b42dc7	4	1522371551749	958	384	1522371546376	454	1148	updateMouse
planned_sample	6359-ee35b23b-7ebe-42a5-8ab7-53d495b42dc7	4	1522371551762	944	398	1522371546392	459	1135	updateMouse
planned_sample	6359-ee35b23b-7ebe-42a5-8ab7-53d495b42dc7	4	1522371551781	912	429	1522371546410	492	1116	updateMouse
planned_sample	6359-ee35b23b-7ebe-42a5-8ab7-53d495b42dc7	4	1522371551794	897	444	1522371546425	497	1102	updateMouse
planned_sample	6359-ee35b23b-7ebe-42a5-8ab7-53d495b42dc7	4	1522371551813	823	518	1522371546446	549	1045	updateMouse
planned_sample	6359-ee35b23b-7ebe-42a5-8ab7-53d495b42dc7	4	1522371551832	784	558	1522371546460	571	1012	updateMouse
planned_sample	6359-ee35b23b-7ebe-42a5-8ab7-53d495b42dc7	4	1522371551846	746	596	1522371546476	590	979	updateMouse
planned_sample	6359-ee35b23b-7ebe-42a5-8ab7-53d495b42dc7	4	1522371551864	690	653	1522371546496	623	932	updateMouse
planned_sample	6359-ee35b23b-7ebe-42a5-8ab7-53d495b42dc7	4	1522371551877	638	708	1522371546509	667	894	updateMouse
planned_sample	6359-ee35b23b-7ebe-42a5-8ab7-53d495b42dc7	4	1522371551896	603	745	1522371546526	694	867	updateMouse
planned_sample	6359-ee35b23b-7ebe-42a5-8ab7-53d495b42dc7	4	1522371551915	556	795	1522371546544	727	829	updateMouse
planned_sample	6359-ee35b23b-7ebe-42a5-8ab7-53d495b42dc7	4	1522371551928	534	818	1522371546559	738	809	updateMouse
planned_sample	6359-ee35b23b-7ebe-42a5-8ab7-53d495b42dc7	4	1522371551948	531	822	1522371546578	746	809	updateMouse
planned_sample	6359-ee35b23b-7ebe-42a5-8ab7-53d495b42dc7	4	1522371551967	483	878	1522371546595	790	771	updateMouse
planned_sample	6359-ee35b23b-7ebe-42a5-8ab7-53d495b42dc7	4	1522371551979	469	893	1522371546609	798	758	updateMouse
planned_sample	6359-ee35b23b-7ebe-42a5-8ab7-53d495b42dc7	4	1522371551999	459	909	1522371546627	817	752	updateMouse
planned_sample	6359-ee35b23b-7ebe-42a5-8ab7-53d495b42dc7	4	1522371552011	386	1001	1522371546642	883	686	updateMouse
planned_sample	6359-ee35b23b-7ebe-42a5-8ab7-53d495b42dc7	4	1522371552031	373	1019	1522371546660	896	673	updateMouse
planned_sample	6359-ee35b23b-7ebe-42a5-8ab7-53d495b42dc7	4	1522371552050	359	1034	1522371546675	902	659	updateMouse
planned_sample	6359-ee35b23b-7ebe-42a5-8ab7-53d495b42dc7	4	1522371552069	354	1041	1522371546696	907	654	updateMouse
planned_sample	6359-ee35b23b-7ebe-42a5-8ab7-53d495b42dc7	4	1522371552082	348	1046	1522371546709	907	648	updateMouse
planned_sample	6359-ee35b23b-7ebe-42a5-8ab7-53d495b42dc7	4	1522371552107	340	1052	1522371546738	907	640	updateMouse
planned_sample	6359-ee35b23b-7ebe-42a5-8ab7-53d495b42dc7	4	1522371552159	335	1056	1522371546787	907	635	updateMouse
planned_sample	6359-ee35b23b-7ebe-42a5-8ab7-53d495b42dc7	4	1522371552172	326	1064	1522371546803	907	626	updateMouse
planned_sample	6359-ee35b23b-7ebe-42a5-8ab7-53d495b42dc7	4	1522371552198	302	1083	1522371546826	907	602	updateMouse
planned_sample	6359-ee35b23b-7ebe-42a5-8ab7-53d495b42dc7	4	1522371552216	269	1111	1522371546843	907	569	updateMouse
planned_sample	6359-ee35b23b-7ebe-42a5-8ab7-53d495b42dc7	4	1522371552229	231	1139	1522371546860	899	531	updateMouse
planned_sample	6359-ee35b23b-7ebe-42a5-8ab7-53d495b42dc7	4	1522371552248	222	1146	1522371546876	899	522	updateMouse
planned_sample	6359-ee35b23b-7ebe-42a5-8ab7-53d495b42dc7	4	1522371552261	198	1167	1522371546892	899	498	updateMouse
planned_sample	6359-ee35b23b-7ebe-42a5-8ab7-53d495b42dc7	4	1522371552280	171	1190	1522371546911	899	471	updateMouse
planned_sample	6359-ee35b23b-7ebe-42a5-8ab7-53d495b42dc7	4	1522371552293	151	1209	1522371546924	902	451	updateMouse
planned_sample	6359-ee35b23b-7ebe-42a5-8ab7-53d495b42dc7	4	1522371552312	132	1225	1522371546943	902	432	updateMouse
planned_sample	6359-ee35b23b-7ebe-42a5-8ab7-53d495b42dc7	4	1522371552331	127	1230	1522371546959	902	427	updateMouse
planned_sample	6359-ee35b23b-7ebe-42a5-8ab7-53d495b42dc7	4	1522371552346	105	1249	1522371546975	902	405	updateMouse
planned_sample	6359-ee35b23b-7ebe-42a5-8ab7-53d495b42dc7	4	1522371552363	99	1254	1522371546994	902	399	updateMouse
planned_sample	6359-ee35b23b-7ebe-42a5-8ab7-53d495b42dc7	4	1522371552383	94	1259	1522371547008	902	394	updateMouse
planned_sample	6359-ee35b23b-7ebe-42a5-8ab7-53d495b42dc7	4	1522371552395	86	1266	1522371547025	902	386	updateMouse
planned_sample	6359-ee35b23b-7ebe-42a5-8ab7-53d495b42dc7	4	1522371552414	80	1271	1522371547043	902	380	updateMouse
planned_sample	6359-ee35b23b-7ebe-42a5-8ab7-53d495b42dc7	4	1522371552427	75	1275	1522371547060	902	375	updateMouse
planned_sample	6359-ee35b23b-7ebe-42a5-8ab7-53d495b42dc7	4	1522371552446	67	1283	1522371547076	902	367	updateMouse
planned_sample	6359-ee35b23b-7ebe-42a5-8ab7-53d495b42dc7	4	1522371552485	61	1288	1522371547117	902	361	updateMouse
planned_sample	6359-ee35b23b-7ebe-42a5-8ab7-53d495b42dc7	4	1522371552511	53	1295	1522371547141	902	353	updateMouse
planned_sample	6359-ee35b23b-7ebe-42a5-8ab7-53d495b42dc7	4	1522371552530	48	1299	1522371547159	902	348	updateMouse
planned_sample	6359-ee35b23b-7ebe-42a5-8ab7-53d495b42dc7	4	1522371552549	48	1298	1522371547180	899	348	updateMouse
planned_sample	6359-ee35b23b-7ebe-42a5-8ab7-53d495b42dc7	4	1522371552952	42	1303	1522371547583	899	342	updateMouse
planned_sample	6359-ee35b23b-7ebe-42a5-8ab7-53d495b42dc7	4	1522371552965	42	1300	1522371547594	891	342	updateMouse
planned_sample	6359-ee35b23b-7ebe-42a5-8ab7-53d495b42dc7	4	1522371553003	44	1297	1522371547632	885	342	updateMouse
planned_sample	6359-ee35b23b-7ebe-42a5-8ab7-53d495b42dc7	4	1522371553720	37	1304	1522371548353	885	334	updateMouse
planned_sample	6359-ee35b23b-7ebe-42a5-8ab7-53d495b42dc7	4	1522371553752	27	1314	1522371548384	885	323	updateMouse
planned_sample	6359-ee35b23b-7ebe-42a5-8ab7-53d495b42dc7	4	1522371553765	21	1321	1522371548394	885	315	updateMouse
planned_sample	6359-ee35b23b-7ebe-42a5-8ab7-53d495b42dc7	4	1522371553797	17	1326	1522371548426	885	309	updateMouse
planned_sample	6359-ee35b23b-7ebe-42a5-8ab7-53d495b42dc7	5	1522371554536	831	none	1522371549167	885	309	updateMouse
planned_sample	6359-ee35b23b-7ebe-42a5-8ab7-53d495b42dc7	5	1522371554760	823	none	1522371549390	877	312	updateMouse
planned_sample	6359-ee35b23b-7ebe-42a5-8ab7-53d495b42dc7	5	1522371554780	801	none	1522371549411	872	339	updateMouse
planned_sample	6359-ee35b23b-7ebe-42a5-8ab7-53d495b42dc7	5	1522371554798	796	none	1522371549426	866	339	updateMouse
planned_sample	6359-ee35b23b-7ebe-42a5-8ab7-53d495b42dc7	5	1522371554811	750	none	1522371549444	833	372	updateMouse
planned_sample	6359-ee35b23b-7ebe-42a5-8ab7-53d495b42dc7	5	1522371554831	740	none	1522371549458	825	378	updateMouse
planned_sample	6359-ee35b23b-7ebe-42a5-8ab7-53d495b42dc7	5	1522371554850	677	none	1522371549476	768	410	updateMouse
planned_sample	6359-ee35b23b-7ebe-42a5-8ab7-53d495b42dc7	5	1522371554864	640	none	1522371549494	735	430	updateMouse
planned_sample	6359-ee35b23b-7ebe-42a5-8ab7-53d495b42dc7	5	1522371554882	613	none	1522371549512	716	449	updateMouse
planned_sample	6359-ee35b23b-7ebe-42a5-8ab7-53d495b42dc7	5	1522371554901	604	none	1522371549533	702	449	updateMouse
planned_sample	6359-ee35b23b-7ebe-42a5-8ab7-53d495b42dc7	5	1522371554914	597	none	1522371549544	697	454	updateMouse
planned_sample	6359-ee35b23b-7ebe-42a5-8ab7-53d495b42dc7	5	1522371554929	585	none	1522371549559	689	462	updateMouse
planned_sample	6359-ee35b23b-7ebe-42a5-8ab7-53d495b42dc7	5	1522371554946	562	none	1522371549577	669	476	updateMouse
planned_sample	6359-ee35b23b-7ebe-42a5-8ab7-53d495b42dc7	5	1522371554967	555	none	1522371549592	664	481	updateMouse
planned_sample	6359-ee35b23b-7ebe-42a5-8ab7-53d495b42dc7	5	1522371554978	541	none	1522371549610	650	487	updateMouse
planned_sample	6359-ee35b23b-7ebe-42a5-8ab7-53d495b42dc7	5	1522371554997	522	none	1522371549626	637	501	updateMouse
planned_sample	6359-ee35b23b-7ebe-42a5-8ab7-53d495b42dc7	5	1522371555023	516	none	1522371549652	637	509	updateMouse
planned_sample	6359-ee35b23b-7ebe-42a5-8ab7-53d495b42dc7	5	1522371588430	591	none	1522371583067	891	908	updateMouse
planned_sample	6359-ee35b23b-7ebe-42a5-8ab7-53d495b42dc7	5	1522371588459	577	none	1522371583088	877	908	updateMouse
planned_sample	6359-ee35b23b-7ebe-42a5-8ab7-53d495b42dc7	5	1522371588469	558	none	1522371583099	858	908	updateMouse
planned_sample	6359-ee35b23b-7ebe-42a5-8ab7-53d495b42dc7	5	1522371588478	533	none	1522371583111	833	908	updateMouse
planned_sample	6359-ee35b23b-7ebe-42a5-8ab7-53d495b42dc7	5	1522371588498	501	none	1522371583125	801	908	updateMouse
planned_sample	6359-ee35b23b-7ebe-42a5-8ab7-53d495b42dc7	5	1522371588511	468	none	1522371583143	768	889	updateMouse
planned_sample	6359-ee35b23b-7ebe-42a5-8ab7-53d495b42dc7	5	1522371588530	416	none	1522371583160	716	881	updateMouse
planned_sample	6359-ee35b23b-7ebe-42a5-8ab7-53d495b42dc7	5	1522371588549	389	none	1522371583177	689	875	updateMouse
planned_sample	6359-ee35b23b-7ebe-42a5-8ab7-53d495b42dc7	5	1522371588568	326	none	1522371583195	626	875	updateMouse
planned_sample	6359-ee35b23b-7ebe-42a5-8ab7-53d495b42dc7	5	1522371588581	299	none	1522371583211	598	875	updateMouse
planned_sample	6359-ee35b23b-7ebe-42a5-8ab7-53d495b42dc7	5	1522371588600	242	none	1522371583228	541	875	updateMouse
planned_sample	6359-ee35b23b-7ebe-42a5-8ab7-53d495b42dc7	5	1522371588613	215	none	1522371583244	514	875	updateMouse
planned_sample	6359-ee35b23b-7ebe-42a5-8ab7-53d495b42dc7	5	1522371588632	168	none	1522371583260	467	875	updateMouse
planned_sample	6359-ee35b23b-7ebe-42a5-8ab7-53d495b42dc7	5	1522371588646	163	none	1522371583276	462	875	updateMouse
planned_sample	6359-ee35b23b-7ebe-42a5-8ab7-53d495b42dc7	5	1522371588664	131	none	1522371583293	429	875	updateMouse
planned_sample	6359-ee35b23b-7ebe-42a5-8ab7-53d495b42dc7	5	1522371588683	125	none	1522371583311	423	875	updateMouse
planned_sample	6359-ee35b23b-7ebe-42a5-8ab7-53d495b42dc7	5	1522371588696	117	none	1522371583326	415	875	updateMouse
planned_sample	6359-ee35b23b-7ebe-42a5-8ab7-53d495b42dc7	5	1522371588715	112	none	1522371583342	410	878	updateMouse
planned_sample	6359-ee35b23b-7ebe-42a5-8ab7-53d495b42dc7	5	1522371589374	106	none	1522371584012	404	878	updateMouse
planned_sample	6359-ee35b23b-7ebe-42a5-8ab7-53d495b42dc7	5	1522371589391	98	none	1522371584027	396	878	updateMouse
planned_sample	6359-ee35b23b-7ebe-42a5-8ab7-53d495b42dc7	5	1522371589407	87	none	1522371584043	385	878	updateMouse
planned_sample	6359-ee35b23b-7ebe-42a5-8ab7-53d495b42dc7	5	1522371589426	73	none	1522371584059	372	886	updateMouse
planned_sample	6359-ee35b23b-7ebe-42a5-8ab7-53d495b42dc7	5	1522371589438	63	none	1522371584075	363	891	updateMouse
planned_sample	6359-ee35b23b-7ebe-42a5-8ab7-53d495b42dc7	5	1522371589458	58	none	1522371584092	358	897	updateMouse
planned_sample	6359-ee35b23b-7ebe-42a5-8ab7-53d495b42dc7	5	1522371589474	44	none	1522371584109	344	897	updateMouse
planned_sample	6359-ee35b23b-7ebe-42a5-8ab7-53d495b42dc7	5	1522371589496	39	none	1522371584132	339	897	updateMouse
planned_sample	6359-ee35b23b-7ebe-42a5-8ab7-53d495b42dc7	5	1522371589531	33	none	1522371584164	333	905	updateMouse
planned_sample	6359-ee35b23b-7ebe-42a5-8ab7-53d495b42dc7	5	1522371589541	25	none	1522371584175	325	905	updateMouse
planned_sample	6359-ee35b23b-7ebe-42a5-8ab7-53d495b42dc7	5	1522371589605	20	none	1522371584241	320	905	updateMouse
planned_sample	6359-ee35b23b-7ebe-42a5-8ab7-53d495b42dc7	5	1522371589640	12	none	1522371584277	311	905	updateMouse
planned_sample	6359-ee35b23b-7ebe-42a5-8ab7-53d495b42dc7	5	1522371591640	7	none	1522371586277	306	905	updateMouse
planned_sample	6359-ee35b23b-7ebe-42a5-8ab7-53d495b42dc7	6	1522371610152	840	864	1522371604786	883	905	updateMouse
planned_sample	6359-ee35b23b-7ebe-42a5-8ab7-53d495b42dc7	6	1522371610517	843	860	1522371605152	888	905	updateMouse
planned_sample	6359-ee35b23b-7ebe-42a5-8ab7-53d495b42dc7	6	1522371610542	851	868	1522371605176	888	916	updateMouse
planned_sample	6359-ee35b23b-7ebe-42a5-8ab7-53d495b42dc7	6	1522371610565	857	874	1522371605200	888	924	updateMouse
planned_sample	6359-ee35b23b-7ebe-42a5-8ab7-53d495b42dc7	6	1522371610603	867	884	1522371605232	888	938	updateMouse
planned_sample	6359-ee35b23b-7ebe-42a5-8ab7-53d495b42dc7	6	1522371610622	871	908	1522371605258	872	957	updateMouse
planned_sample	6359-ee35b23b-7ebe-42a5-8ab7-53d495b42dc7	6	1522371610648	871	917	1522371605275	866	963	updateMouse
planned_sample	6359-ee35b23b-7ebe-42a5-8ab7-53d495b42dc7	6	1522371610657	870	926	1522371605291	858	968	updateMouse
planned_sample	6359-ee35b23b-7ebe-42a5-8ab7-53d495b42dc7	6	1522371610703	867	929	1522371605336	853	968	updateMouse
planned_sample	6359-ee35b23b-7ebe-42a5-8ab7-53d495b42dc7	6	1522371610725	864	945	1522371605354	839	976	updateMouse
planned_sample	6359-ee35b23b-7ebe-42a5-8ab7-53d495b42dc7	6	1522371610763	860	972	1522371605395	814	990	updateMouse
planned_sample	6359-ee35b23b-7ebe-42a5-8ab7-53d495b42dc7	6	1522371610782	855	978	1522371605408	806	990	updateMouse
planned_sample	6359-ee35b23b-7ebe-42a5-8ab7-53d495b42dc7	6	1522371610792	852	982	1522371605426	801	990	updateMouse
planned_sample	6359-ee35b23b-7ebe-42a5-8ab7-53d495b42dc7	6	1522371610811	847	988	1522371605442	792	990	updateMouse
planned_sample	6359-ee35b23b-7ebe-42a5-8ab7-53d495b42dc7	6	1522371610972	846	980	1522371605598	798	984	updateMouse
planned_sample	6359-ee35b23b-7ebe-42a5-8ab7-53d495b42dc7	6	1522371610984	833	963	1522371605610	803	965	updateMouse
planned_sample	6359-ee35b23b-7ebe-42a5-8ab7-53d495b42dc7	6	1522371611003	820	926	1522371605633	823	932	updateMouse
planned_sample	6359-ee35b23b-7ebe-42a5-8ab7-53d495b42dc7	6	1522371611016	800	890	1522371605645	836	894	updateMouse
planned_sample	6359-ee35b23b-7ebe-42a5-8ab7-53d495b42dc7	6	1522371611036	800	871	1522371605660	850	881	updateMouse
planned_sample	6359-ee35b23b-7ebe-42a5-8ab7-53d495b42dc7	6	1522371611048	780	786	1522371605674	896	804	updateMouse
planned_sample	6359-ee35b23b-7ebe-42a5-8ab7-53d495b42dc7	6	1522371611061	763	769	1522371605692	896	777	updateMouse
planned_sample	6359-ee35b23b-7ebe-42a5-8ab7-53d495b42dc7	6	1522371611080	755	730	1522371605709	915	738	updateMouse
planned_sample	6359-ee35b23b-7ebe-42a5-8ab7-53d495b42dc7	6	1522371611099	736	712	1522371605727	915	706	updateMouse
planned_sample	6359-ee35b23b-7ebe-42a5-8ab7-53d495b42dc7	6	1522371611134	691	674	1522371605761	910	626	updateMouse
planned_sample	6359-ee35b23b-7ebe-42a5-8ab7-53d495b42dc7	6	1522371611147	689	671	1522371605775	910	621	updateMouse
planned_sample	6359-ee35b23b-7ebe-42a5-8ab7-53d495b42dc7	6	1522371611167	667	669	1522371605792	899	594	updateMouse
planned_sample	6359-ee35b23b-7ebe-42a5-8ab7-53d495b42dc7	6	1522371611179	649	676	1522371605808	885	583	updateMouse
planned_sample	6359-ee35b23b-7ebe-42a5-8ab7-53d495b42dc7	6	1522371611198	624	686	1522371605825	866	563	updateMouse
planned_sample	6359-ee35b23b-7ebe-42a5-8ab7-53d495b42dc7	6	1522371611212	588	701	1522371605843	839	536	updateMouse
planned_sample	6359-ee35b23b-7ebe-42a5-8ab7-53d495b42dc7	6	1522371611230	548	725	1522371605860	806	512	updateMouse
planned_sample	6359-ee35b23b-7ebe-42a5-8ab7-53d495b42dc7	6	1522371611250	507	749	1522371605874	773	484	updateMouse
planned_sample	6359-ee35b23b-7ebe-42a5-8ab7-53d495b42dc7	6	1522371611259	483	764	1522371605893	754	465	updateMouse
planned_sample	6359-ee35b23b-7ebe-42a5-8ab7-53d495b42dc7	6	1522371611285	430	800	1522371605917	710	432	updateMouse
planned_sample	6359-ee35b23b-7ebe-42a5-8ab7-53d495b42dc7	6	1522371611314	360	854	1522371605941	650	386	updateMouse
planned_sample	6359-ee35b23b-7ebe-42a5-8ab7-53d495b42dc7	6	1522371611327	324	884	1522371605959	618	367	updateMouse
planned_sample	6359-ee35b23b-7ebe-42a5-8ab7-53d495b42dc7	6	1522371611349	276	926	1522371605976	574	334	updateMouse
planned_sample	6359-ee35b23b-7ebe-42a5-8ab7-53d495b42dc7	6	1522371611362	227	973	1522371605993	527	315	updateMouse
planned_sample	6359-ee35b23b-7ebe-42a5-8ab7-53d495b42dc7	6	1522371611374	162	1038	1522371606011	462	296	updateMouse
planned_sample	6359-ee35b23b-7ebe-42a5-8ab7-53d495b42dc7	6	1522371611390	148	1052	1522371606025	448	296	updateMouse
planned_sample	6359-ee35b23b-7ebe-42a5-8ab7-53d495b42dc7	6	1522371611419	123	1077	1522371606048	423	290	updateMouse
planned_sample	6359-ee35b23b-7ebe-42a5-8ab7-53d495b42dc7	6	1522371611426	110	1090	1522371606061	410	290	updateMouse
planned_sample	6359-ee35b23b-7ebe-42a5-8ab7-53d495b42dc7	6	1522371612427	110	1090	1522371607063	410	298	updateMouse
planned_sample	6359-ee35b23b-7ebe-42a5-8ab7-53d495b42dc7	6	1522371612440	110	1090	1522371607074	410	312	updateMouse
planned_sample	6359-ee35b23b-7ebe-42a5-8ab7-53d495b42dc7	6	1522371612459	131	1092	1522371607092	410	372	updateMouse
planned_sample	6359-ee35b23b-7ebe-42a5-8ab7-53d495b42dc7	6	1522371612475	140	1108	1522371607109	396	402	updateMouse
planned_sample	6359-ee35b23b-7ebe-42a5-8ab7-53d495b42dc7	6	1522371612491	177	1139	1522371607125	372	462	updateMouse
planned_sample	6359-ee35b23b-7ebe-42a5-8ab7-53d495b42dc7	6	1522371612507	215	1166	1522371607143	352	509	updateMouse
planned_sample	6359-ee35b23b-7ebe-42a5-8ab7-53d495b42dc7	6	1522371612523	248	1200	1522371607157	325	547	updateMouse
planned_sample	6359-ee35b23b-7ebe-42a5-8ab7-53d495b42dc7	6	1522371612543	262	1203	1522371607177	325	561	updateMouse
planned_sample	6359-ee35b23b-7ebe-42a5-8ab7-53d495b42dc7	6	1522371612562	272	1210	1522371607193	320	572	updateMouse
planned_sample	6359-ee35b23b-7ebe-42a5-8ab7-53d495b42dc7	6	1522371612584	280	1212	1522371607209	320	580	updateMouse
planned_sample	6359-ee35b23b-7ebe-42a5-8ab7-53d495b42dc7	6	1522371612603	291	1224	1522371607225	311	591	updateMouse
planned_sample	6359-ee35b23b-7ebe-42a5-8ab7-53d495b42dc7	6	1522371612610	318	1235	1522371607241	306	618	updateMouse
planned_sample	6359-ee35b23b-7ebe-42a5-8ab7-53d495b42dc7	6	1522371612635	324	1237	1522371607258	306	624	updateMouse
planned_sample	6359-ee35b23b-7ebe-42a5-8ab7-53d495b42dc7	6	1522371612647	351	1250	1522371607275	300	651	updateMouse
planned_sample	6359-ee35b23b-7ebe-42a5-8ab7-53d495b42dc7	6	1522371612667	356	1251	1522371607302	300	656	updateMouse
planned_sample	6359-ee35b23b-7ebe-42a5-8ab7-53d495b42dc7	7	1522371641384	843	none	1522371636019	885	908	updateMouse
planned_sample	6359-ee35b23b-7ebe-42a5-8ab7-53d495b42dc7	7	1522371642002	824	none	1522371636636	872	894	updateMouse
planned_sample	6359-ee35b23b-7ebe-42a5-8ab7-53d495b42dc7	7	1522371642024	733	none	1522371636658	814	823	updateMouse
planned_sample	6359-ee35b23b-7ebe-42a5-8ab7-53d495b42dc7	7	1522371642040	677	none	1522371636674	787	771	updateMouse
planned_sample	6359-ee35b23b-7ebe-42a5-8ab7-53d495b42dc7	7	1522371642056	586	none	1522371636691	741	686	updateMouse
planned_sample	6359-ee35b23b-7ebe-42a5-8ab7-53d495b42dc7	7	1522371642072	526	none	1522371636708	702	640	updateMouse
planned_sample	6359-ee35b23b-7ebe-42a5-8ab7-53d495b42dc7	7	1522371642091	448	none	1522371636725	659	569	updateMouse
planned_sample	6359-ee35b23b-7ebe-42a5-8ab7-53d495b42dc7	7	1522371642107	393	none	1522371636743	618	531	updateMouse
planned_sample	6359-ee35b23b-7ebe-42a5-8ab7-53d495b42dc7	7	1522371642124	347	none	1522371636758	585	498	updateMouse
planned_sample	6359-ee35b23b-7ebe-42a5-8ab7-53d495b42dc7	7	1522371642142	286	none	1522371636775	546	446	updateMouse
planned_sample	6359-ee35b23b-7ebe-42a5-8ab7-53d495b42dc7	7	1522371642165	261	none	1522371636791	533	419	updateMouse
planned_sample	6359-ee35b23b-7ebe-42a5-8ab7-53d495b42dc7	7	1522371642174	200	none	1522371636808	489	367	updateMouse
planned_sample	6359-ee35b23b-7ebe-42a5-8ab7-53d495b42dc7	7	1522371642194	165	none	1522371636827	462	334	updateMouse
planned_sample	6359-ee35b23b-7ebe-42a5-8ab7-53d495b42dc7	7	1522371642210	143	none	1522371636842	443	315	updateMouse
planned_sample	6359-ee35b23b-7ebe-42a5-8ab7-53d495b42dc7	7	1522371642227	129	none	1522371636860	429	296	updateMouse
planned_sample	6359-ee35b23b-7ebe-42a5-8ab7-53d495b42dc7	7	1522371642239	123	none	1522371636874	423	290	updateMouse
planned_sample	6359-ee35b23b-7ebe-42a5-8ab7-53d495b42dc7	7	1522371642261	119	none	1522371636892	415	268	updateMouse
planned_sample	6359-ee35b23b-7ebe-42a5-8ab7-53d495b42dc7	7	1522371642280	122	none	1522371636907	415	257	updateMouse
planned_sample	6359-ee35b23b-7ebe-42a5-8ab7-53d495b42dc7	7	1522371642300	127	none	1522371636925	415	244	updateMouse
planned_sample	6359-ee35b23b-7ebe-42a5-8ab7-53d495b42dc7	7	1522371642315	130	none	1522371636941	415	238	updateMouse
planned_sample	6359-ee35b23b-7ebe-42a5-8ab7-53d495b42dc7	7	1522371642341	134	none	1522371636966	415	230	updateMouse
planned_sample	6359-ee35b23b-7ebe-42a5-8ab7-53d495b42dc7	7	1522371642979	130	none	1522371637607	410	230	updateMouse
planned_sample	6359-ee35b23b-7ebe-42a5-8ab7-53d495b42dc7	7	1522371642992	125	none	1522371637625	404	230	updateMouse
planned_sample	6359-ee35b23b-7ebe-42a5-8ab7-53d495b42dc7	7	1522371643006	118	none	1522371637640	396	230	updateMouse
planned_sample	6359-ee35b23b-7ebe-42a5-8ab7-53d495b42dc7	7	1522371643026	97	none	1522371637661	377	241	updateMouse
planned_sample	6359-ee35b23b-7ebe-42a5-8ab7-53d495b42dc7	7	1522371643051	93	none	1522371637686	372	241	updateMouse
planned_sample	6359-ee35b23b-7ebe-42a5-8ab7-53d495b42dc7	7	1522371643189	90	none	1522371637822	372	246	updateMouse
planned_sample	6359-ee35b23b-7ebe-42a5-8ab7-53d495b42dc7	7	1522371643205	73	none	1522371637841	358	255	updateMouse
planned_sample	6359-ee35b23b-7ebe-42a5-8ab7-53d495b42dc7	7	1522371643224	65	none	1522371637860	352	260	updateMouse
planned_sample	6359-ee35b23b-7ebe-42a5-8ab7-53d495b42dc7	7	1522371643240	51	none	1522371637874	339	266	updateMouse
planned_sample	6359-ee35b23b-7ebe-42a5-8ab7-53d495b42dc7	7	1522371643256	46	none	1522371637892	339	274	updateMouse
planned_sample	6359-ee35b23b-7ebe-42a5-8ab7-53d495b42dc7	7	1522371643276	32	none	1522371637908	325	279	updateMouse
planned_sample	6359-ee35b23b-7ebe-42a5-8ab7-53d495b42dc7	7	1522371643291	17	none	1522371637925	311	287	updateMouse
planned_sample	6359-ee35b23b-7ebe-42a5-8ab7-53d495b42dc7	7	1522371643333	13	none	1522371637960	311	293	updateMouse
planned_sample	6359-ee35b23b-7ebe-42a5-8ab7-53d495b42dc7	8	1522371660549	624	827	1522371655175	924	894	updateMouse
planned_sample	6359-ee35b23b-7ebe-42a5-8ab7-53d495b42dc7	8	1522371660735	610	837	1522371655360	910	894	updateMouse
planned_sample	6359-ee35b23b-7ebe-42a5-8ab7-53d495b42dc7	8	1522371660754	591	858	1522371655375	891	905	updateMouse
planned_sample	6359-ee35b23b-7ebe-42a5-8ab7-53d495b42dc7	8	1522371660763	577	876	1522371655392	877	916	updateMouse
planned_sample	6359-ee35b23b-7ebe-42a5-8ab7-53d495b42dc7	8	1522371660776	572	885	1522371655410	872	924	updateMouse
planned_sample	6359-ee35b23b-7ebe-42a5-8ab7-53d495b42dc7	8	1522371660952	558	895	1522371655587	858	924	updateMouse
planned_sample	6359-ee35b23b-7ebe-42a5-8ab7-53d495b42dc7	8	1522371660978	506	933	1522371655608	806	924	updateMouse
planned_sample	6359-ee35b23b-7ebe-42a5-8ab7-53d495b42dc7	8	1522371660990	468	961	1522371655625	768	924	updateMouse
planned_sample	6359-ee35b23b-7ebe-42a5-8ab7-53d495b42dc7	8	1522371661007	384	1031	1522371655641	683	930	updateMouse
planned_sample	6359-ee35b23b-7ebe-42a5-8ab7-53d495b42dc7	8	1522371661022	268	1153	1522371655658	560	968	updateMouse
planned_sample	6359-ee35b23b-7ebe-42a5-8ab7-53d495b42dc7	8	1522371661038	193	1218	1522371655674	481	968	updateMouse
planned_sample	6359-ee35b23b-7ebe-42a5-8ab7-53d495b42dc7	8	1522371661068	176	1247	1522371655692	456	982	updateMouse
planned_sample	6359-ee35b23b-7ebe-42a5-8ab7-53d495b42dc7	8	1522371661080	164	1257	1522371655709	443	982	updateMouse
planned_sample	6359-ee35b23b-7ebe-42a5-8ab7-53d495b42dc7	8	1522371661090	159	1262	1522371655725	437	982	updateMouse
planned_sample	6359-ee35b23b-7ebe-42a5-8ab7-53d495b42dc7	8	1522371661106	152	1269	1522371655741	429	982	updateMouse
planned_sample	6359-ee35b23b-7ebe-42a5-8ab7-53d495b42dc7	8	1522371662646	147	1274	1522371657279	423	982	updateMouse
planned_sample	6359-ee35b23b-7ebe-42a5-8ab7-53d495b42dc7	9	1522371684002	841	none	1522371678632	921	911	updateMouse
planned_sample	6359-ee35b23b-7ebe-42a5-8ab7-53d495b42dc7	9	1522371684030	846	none	1522371678662	935	930	updateMouse
planned_sample	6359-ee35b23b-7ebe-42a5-8ab7-53d495b42dc7	9	1522371684043	848	none	1522371678674	940	938	updateMouse
planned_sample	6359-ee35b23b-7ebe-42a5-8ab7-53d495b42dc7	9	1522371684706	856	none	1522371679338	929	938	updateMouse
planned_sample	6359-ee35b23b-7ebe-42a5-8ab7-53d495b42dc7	9	1522371685115	863	none	1522371679749	918	938	updateMouse
planned_sample	6359-ee35b23b-7ebe-42a5-8ab7-53d495b42dc7	9	1522371685186	864	none	1522371679821	910	932	updateMouse
planned_sample	6359-ee35b23b-7ebe-42a5-8ab7-53d495b42dc7	9	1522371685208	860	none	1522371679844	910	927	updateMouse
planned_sample	6359-ee35b23b-7ebe-42a5-8ab7-53d495b42dc7	9	1522371685224	850	none	1522371679859	910	913	updateMouse
planned_sample	6359-ee35b23b-7ebe-42a5-8ab7-53d495b42dc7	9	1522371685240	810	none	1522371679876	935	881	updateMouse
planned_sample	6359-ee35b23b-7ebe-42a5-8ab7-53d495b42dc7	9	1522371685256	765	none	1522371679891	959	842	updateMouse
planned_sample	6359-ee35b23b-7ebe-42a5-8ab7-53d495b42dc7	9	1522371685272	713	none	1522371679907	987	796	updateMouse
planned_sample	6359-ee35b23b-7ebe-42a5-8ab7-53d495b42dc7	9	1522371685291	609	none	1522371679924	1058	719	updateMouse
planned_sample	6359-ee35b23b-7ebe-42a5-8ab7-53d495b42dc7	9	1522371685314	481	none	1522371679943	1129	607	updateMouse
planned_sample	6359-ee35b23b-7ebe-42a5-8ab7-53d495b42dc7	9	1522371685323	399	none	1522371679958	1189	550	updateMouse
planned_sample	6359-ee35b23b-7ebe-42a5-8ab7-53d495b42dc7	9	1522371685341	335	none	1522371679974	1233	503	updateMouse
planned_sample	6359-ee35b23b-7ebe-42a5-8ab7-53d495b42dc7	9	1522371685358	267	none	1522371679991	1284	457	updateMouse
planned_sample	6359-ee35b23b-7ebe-42a5-8ab7-53d495b42dc7	9	1522371685375	177	none	1522371680009	1345	386	updateMouse
planned_sample	6359-ee35b23b-7ebe-42a5-8ab7-53d495b42dc7	9	1522371685390	123	none	1522371680024	1388	353	updateMouse
planned_sample	6359-ee35b23b-7ebe-42a5-8ab7-53d495b42dc7	9	1522371685410	61	none	1522371680043	1440	315	updateMouse
planned_sample	6359-ee35b23b-7ebe-42a5-8ab7-53d495b42dc7	9	1522371685426	51	none	1522371680059	1449	309	updateMouse
planned_sample	6359-ee35b23b-7ebe-42a5-8ab7-53d495b42dc7	9	1522371685442	27	none	1522371680075	1473	296	updateMouse
planned_sample	6359-ee35b23b-7ebe-42a5-8ab7-53d495b42dc7	9	1522371685461	21	none	1522371680093	1481	290	updateMouse
planned_sample	6359-ee35b23b-7ebe-42a5-8ab7-53d495b42dc7	9	1522371685893	31	none	1522371680528	1470	290	updateMouse
planned_sample	6359-ee35b23b-7ebe-42a5-8ab7-53d495b42dc7	9	1522371685925	36	none	1522371680558	1465	290	updateMouse
planned_sample	6359-ee35b23b-7ebe-42a5-8ab7-53d495b42dc7	9	1522371685941	57	none	1522371680574	1443	298	updateMouse
planned_sample	6359-ee35b23b-7ebe-42a5-8ab7-53d495b42dc7	9	1522371685963	68	none	1522371680593	1432	298	updateMouse
planned_sample	6359-ee35b23b-7ebe-42a5-8ab7-53d495b42dc7	9	1522371685980	76	none	1522371680608	1424	307	updateMouse
planned_sample	6359-ee35b23b-7ebe-42a5-8ab7-53d495b42dc7	9	1522371685998	82	none	1522371680632	1418	312	updateMouse
planned_sample	6359-ee35b23b-7ebe-42a5-8ab7-53d495b42dc7	9	1522371686258	87	none	1522371680884	1413	312	updateMouse
planned_sample	6359-ee35b23b-7ebe-42a5-8ab7-53d495b42dc7	9	1522371686283	102	none	1522371680907	1399	320	updateMouse
planned_sample	6359-ee35b23b-7ebe-42a5-8ab7-53d495b42dc7	9	1522371686296	115	none	1522371680925	1386	320	updateMouse
planned_sample	6359-ee35b23b-7ebe-42a5-8ab7-53d495b42dc7	9	1522371686315	152	none	1522371680941	1353	339	updateMouse
planned_sample	6359-ee35b23b-7ebe-42a5-8ab7-53d495b42dc7	9	1522371686334	168	none	1522371680960	1339	350	updateMouse
planned_sample	6359-ee35b23b-7ebe-42a5-8ab7-53d495b42dc7	9	1522371686347	238	none	1522371680975	1276	383	updateMouse
planned_sample	6359-ee35b23b-7ebe-42a5-8ab7-53d495b42dc7	9	1522371686366	373	none	1522371680993	1164	462	updateMouse
planned_sample	6359-ee35b23b-7ebe-42a5-8ab7-53d495b42dc7	9	1522371686386	529	none	1522371681011	1028	539	updateMouse
planned_sample	6359-ee35b23b-7ebe-42a5-8ab7-53d495b42dc7	9	1522371686398	618	none	1522371681027	951	585	updateMouse
planned_sample	6359-ee35b23b-7ebe-42a5-8ab7-53d495b42dc7	9	1522371686411	670	none	1522371681043	910	618	updateMouse
planned_sample	6359-ee35b23b-7ebe-42a5-8ab7-53d495b42dc7	9	1522371686430	859	none	1522371681059	749	717	updateMouse
planned_sample	6359-ee35b23b-7ebe-42a5-8ab7-53d495b42dc7	9	1522371686443	941	none	1522371681074	678	760	updateMouse
planned_sample	6359-ee35b23b-7ebe-42a5-8ab7-53d495b42dc7	9	1522371686456	1025	none	1522371681092	612	812	updateMouse
planned_sample	6359-ee35b23b-7ebe-42a5-8ab7-53d495b42dc7	9	1522371686475	1067	none	1522371681108	579	840	updateMouse
planned_sample	6359-ee35b23b-7ebe-42a5-8ab7-53d495b42dc7	9	1522371686491	1112	none	1522371681124	546	872	updateMouse
planned_sample	6359-ee35b23b-7ebe-42a5-8ab7-53d495b42dc7	9	1522371686520	1119	none	1522371681146	541	878	updateMouse
planned_sample	6359-ee35b23b-7ebe-42a5-8ab7-53d495b42dc7	9	1522371686526	1141	none	1522371681161	527	897	updateMouse
planned_sample	6359-ee35b23b-7ebe-42a5-8ab7-53d495b42dc7	9	1522371686539	1153	none	1522371681174	522	911	updateMouse
planned_sample	6359-ee35b23b-7ebe-42a5-8ab7-53d495b42dc7	9	1522371686558	1171	none	1522371681192	508	924	updateMouse
planned_sample	6359-ee35b23b-7ebe-42a5-8ab7-53d495b42dc7	9	1522371686575	1192	none	1522371681209	500	949	updateMouse
planned_sample	6359-ee35b23b-7ebe-42a5-8ab7-53d495b42dc7	9	1522371686590	1200	none	1522371681225	495	957	updateMouse
planned_sample	6359-ee35b23b-7ebe-42a5-8ab7-53d495b42dc7	9	1522371686632	1211	none	1522371681241	495	976	updateMouse
planned_sample	6359-ee35b23b-7ebe-42a5-8ab7-53d495b42dc7	9	1522371686638	1216	none	1522371681271	489	976	updateMouse
planned_sample	6359-ee35b23b-7ebe-42a5-8ab7-53d495b42dc7	10	1522371708206	834	589	1522371702839	891	911	updateMouse
planned_sample	6359-ee35b23b-7ebe-42a5-8ab7-53d495b42dc7	10	1522371708226	807	585	1522371702859	858	916	updateMouse
planned_sample	6359-ee35b23b-7ebe-42a5-8ab7-53d495b42dc7	10	1522371708242	801	577	1522371702874	858	924	updateMouse
planned_sample	6359-ee35b23b-7ebe-42a5-8ab7-53d495b42dc7	10	1522371708258	798	577	1522371702892	853	924	updateMouse
planned_sample	6359-ee35b23b-7ebe-42a5-8ab7-53d495b42dc7	10	1522371708274	794	578	1522371702908	847	924	updateMouse
planned_sample	6359-ee35b23b-7ebe-42a5-8ab7-53d495b42dc7	10	1522371708296	788	579	1522371702925	839	924	updateMouse
planned_sample	6359-ee35b23b-7ebe-42a5-8ab7-53d495b42dc7	10	1522371708319	784	579	1522371702944	833	924	updateMouse
planned_sample	6359-ee35b23b-7ebe-42a5-8ab7-53d495b42dc7	10	1522371708325	742	551	1522371702958	806	957	updateMouse
planned_sample	6359-ee35b23b-7ebe-42a5-8ab7-53d495b42dc7	10	1522371708341	654	470	1522371702975	773	1047	updateMouse
planned_sample	6359-ee35b23b-7ebe-42a5-8ab7-53d495b42dc7	10	1522371708363	578	416	1522371702992	735	1118	updateMouse
planned_sample	6359-ee35b23b-7ebe-42a5-8ab7-53d495b42dc7	10	1522371708373	442	336	1522371703008	669	1255	updateMouse
planned_sample	6359-ee35b23b-7ebe-42a5-8ab7-53d495b42dc7	10	1522371708402	359	303	1522371703027	631	1359	updateMouse
planned_sample	6359-ee35b23b-7ebe-42a5-8ab7-53d495b42dc7	10	1522371708414	302	316	1522371703043	593	1425	updateMouse
planned_sample	6359-ee35b23b-7ebe-42a5-8ab7-53d495b42dc7	10	1522371708424	269	336	1522371703058	566	1457	updateMouse
planned_sample	6359-ee35b23b-7ebe-42a5-8ab7-53d495b42dc7	10	1522371708443	233	367	1522371703076	533	1504	updateMouse
planned_sample	6359-ee35b23b-7ebe-42a5-8ab7-53d495b42dc7	10	1522371708459	215	387	1522371703091	514	1528	updateMouse
planned_sample	6359-ee35b23b-7ebe-42a5-8ab7-53d495b42dc7	10	1522371708475	209	392	1522371703108	508	1528	updateMouse
planned_sample	6359-ee35b23b-7ebe-42a5-8ab7-53d495b42dc7	10	1522371708491	197	405	1522371703126	495	1528	updateMouse
planned_sample	6359-ee35b23b-7ebe-42a5-8ab7-53d495b42dc7	10	1522371708511	191	411	1522371703144	489	1528	updateMouse
planned_sample	6359-ee35b23b-7ebe-42a5-8ab7-53d495b42dc7	10	1522371708530	183	419	1522371703159	481	1528	updateMouse
planned_sample	6359-ee35b23b-7ebe-42a5-8ab7-53d495b42dc7	10	1522371708718	177	425	1522371703344	475	1528	updateMouse
planned_sample	6359-ee35b23b-7ebe-42a5-8ab7-53d495b42dc7	10	1522371708761	177	425	1522371703385	475	1528	updateMouse
planned_sample	6359-ee35b23b-7ebe-42a5-8ab7-53d495b42dc7	10	1522371709352	164	438	1522371703984	462	1528	updateMouse
planned_sample	6359-ee35b23b-7ebe-42a5-8ab7-53d495b42dc7	10	1522371709362	139	463	1522371703994	437	1528	updateMouse
planned_sample	6359-ee35b23b-7ebe-42a5-8ab7-53d495b42dc7	10	1522371709374	132	471	1522371704008	429	1528	updateMouse
planned_sample	6359-ee35b23b-7ebe-42a5-8ab7-53d495b42dc7	10	1522371709397	126	477	1522371704025	423	1528	updateMouse
planned_sample	6359-ee35b23b-7ebe-42a5-8ab7-53d495b42dc7	10	1522371709426	118	485	1522371704058	415	1528	updateMouse
planned_sample	6359-ee35b23b-7ebe-42a5-8ab7-53d495b42dc7	10	1522371709946	113	490	1522371704579	410	1528	updateMouse
planned_sample	6359-ee35b23b-7ebe-42a5-8ab7-53d495b42dc7	11	1522371729967	600	none	1522371724601	896	900	updateMouse
planned_sample	6359-ee35b23b-7ebe-42a5-8ab7-53d495b42dc7	11	1522371729992	589	none	1522371724625	915	889	updateMouse
planned_sample	6359-ee35b23b-7ebe-42a5-8ab7-53d495b42dc7	11	1522371730011	581	none	1522371724642	926	881	updateMouse
planned_sample	6359-ee35b23b-7ebe-42a5-8ab7-53d495b42dc7	11	1522371730024	568	none	1522371724659	940	867	updateMouse
planned_sample	6359-ee35b23b-7ebe-42a5-8ab7-53d495b42dc7	11	1522371730040	551	none	1522371724676	959	848	updateMouse
planned_sample	6359-ee35b23b-7ebe-42a5-8ab7-53d495b42dc7	11	1522371730063	509	none	1522371724691	973	804	updateMouse
planned_sample	6359-ee35b23b-7ebe-42a5-8ab7-53d495b42dc7	11	1522371730075	487	none	1522371724708	973	782	updateMouse
planned_sample	6359-ee35b23b-7ebe-42a5-8ab7-53d495b42dc7	11	1522371730092	458	none	1522371724724	978	752	updateMouse
planned_sample	6359-ee35b23b-7ebe-42a5-8ab7-53d495b42dc7	11	1522371730108	426	none	1522371724741	978	719	updateMouse
planned_sample	6359-ee35b23b-7ebe-42a5-8ab7-53d495b42dc7	11	1522371730123	381	none	1522371724759	978	673	updateMouse
planned_sample	6359-ee35b23b-7ebe-42a5-8ab7-53d495b42dc7	11	1522371730142	310	none	1522371724778	970	602	updateMouse
planned_sample	6359-ee35b23b-7ebe-42a5-8ab7-53d495b42dc7	11	1522371730158	296	none	1522371724791	970	588	updateMouse
planned_sample	6359-ee35b23b-7ebe-42a5-8ab7-53d495b42dc7	11	1522371730174	245	none	1522371724809	943	542	updateMouse
planned_sample	6359-ee35b23b-7ebe-42a5-8ab7-53d495b42dc7	11	1522371730190	225	none	1522371724824	937	522	updateMouse
planned_sample	6359-ee35b23b-7ebe-42a5-8ab7-53d495b42dc7	11	1522371730213	190	none	1522371724842	910	490	updateMouse
planned_sample	6359-ee35b23b-7ebe-42a5-8ab7-53d495b42dc7	11	1522371730226	179	none	1522371724859	910	479	updateMouse
planned_sample	6359-ee35b23b-7ebe-42a5-8ab7-53d495b42dc7	11	1522371730248	151	none	1522371724875	899	451	updateMouse
planned_sample	6359-ee35b23b-7ebe-42a5-8ab7-53d495b42dc7	11	1522371730261	138	none	1522371724892	891	438	updateMouse
planned_sample	6359-ee35b23b-7ebe-42a5-8ab7-53d495b42dc7	11	1522371730274	106	none	1522371724909	885	405	updateMouse
planned_sample	6359-ee35b23b-7ebe-42a5-8ab7-53d495b42dc7	11	1522371730293	96	none	1522371724926	877	394	updateMouse
planned_sample	6359-ee35b23b-7ebe-42a5-8ab7-53d495b42dc7	11	1522371730312	78	none	1522371724943	877	375	updateMouse
planned_sample	6359-ee35b23b-7ebe-42a5-8ab7-53d495b42dc7	11	1522371730325	59	none	1522371724958	872	353	updateMouse
planned_sample	6359-ee35b23b-7ebe-42a5-8ab7-53d495b42dc7	11	1522371730346	55	none	1522371724976	872	348	updateMouse
planned_sample	6359-ee35b23b-7ebe-42a5-8ab7-53d495b42dc7	11	1522371730357	48	none	1522371724992	866	334	updateMouse
planned_sample	6359-ee35b23b-7ebe-42a5-8ab7-53d495b42dc7	12	1522371762556	830	none	1522371757188	902	924	updateMouse
planned_sample	6359-ee35b23b-7ebe-42a5-8ab7-53d495b42dc7	12	1522371763416	832	none	1522371758050	899	924	updateMouse
planned_sample	6359-ee35b23b-7ebe-42a5-8ab7-53d495b42dc7	12	1522371763451	841	none	1522371758084	891	919	updateMouse
planned_sample	6359-ee35b23b-7ebe-42a5-8ab7-53d495b42dc7	12	1522371763477	863	none	1522371758108	872	908	updateMouse
planned_sample	6359-ee35b23b-7ebe-42a5-8ab7-53d495b42dc7	12	1522371763502	872	none	1522371758125	866	900	updateMouse
planned_sample	6359-ee35b23b-7ebe-42a5-8ab7-53d495b42dc7	12	1522371763512	892	none	1522371758142	839	900	updateMouse
planned_sample	6359-ee35b23b-7ebe-42a5-8ab7-53d495b42dc7	12	1522371763531	901	none	1522371758157	833	894	updateMouse
planned_sample	6359-ee35b23b-7ebe-42a5-8ab7-53d495b42dc7	12	1522371763546	935	none	1522371758176	787	894	updateMouse
planned_sample	6359-ee35b23b-7ebe-42a5-8ab7-53d495b42dc7	12	1522371763557	961	none	1522371758191	754	894	updateMouse
planned_sample	6359-ee35b23b-7ebe-42a5-8ab7-53d495b42dc7	12	1522371763576	1000	none	1522371758208	702	897	updateMouse
planned_sample	6359-ee35b23b-7ebe-42a5-8ab7-53d495b42dc7	12	1522371763595	1015	none	1522371758227	659	930	updateMouse
planned_sample	6359-ee35b23b-7ebe-42a5-8ab7-53d495b42dc7	12	1522371763608	1039	none	1522371758240	631	930	updateMouse
planned_sample	6359-ee35b23b-7ebe-42a5-8ab7-53d495b42dc7	12	1522371763637	1047	none	1522371758259	604	957	updateMouse
planned_sample	6359-ee35b23b-7ebe-42a5-8ab7-53d495b42dc7	12	1522371763646	1049	none	1522371758279	598	963	updateMouse
planned_sample	6359-ee35b23b-7ebe-42a5-8ab7-53d495b42dc7	12	1522371763659	1044	none	1522371758293	593	982	updateMouse
planned_sample	6359-ee35b23b-7ebe-42a5-8ab7-53d495b42dc7	12	1522371763676	1040	none	1522371758309	593	990	updateMouse
planned_sample	6359-ee35b23b-7ebe-42a5-8ab7-53d495b42dc7	12	1522371763691	1022	none	1522371758326	593	1028	updateMouse
planned_sample	6359-ee35b23b-7ebe-42a5-8ab7-53d495b42dc7	12	1522371763710	994	none	1522371758342	601	1075	updateMouse
planned_sample	6359-ee35b23b-7ebe-42a5-8ab7-53d495b42dc7	12	1522371763727	951	none	1522371758359	623	1132	updateMouse
planned_sample	6359-ee35b23b-7ebe-42a5-8ab7-53d495b42dc7	12	1522371763743	861	none	1522371758378	686	1217	updateMouse
planned_sample	6359-ee35b23b-7ebe-42a5-8ab7-53d495b42dc7	12	1522371763762	787	none	1522371758393	738	1301	updateMouse
planned_sample	6359-ee35b23b-7ebe-42a5-8ab7-53d495b42dc7	12	1522371763774	673	none	1522371758407	836	1386	updateMouse
planned_sample	6359-ee35b23b-7ebe-42a5-8ab7-53d495b42dc7	12	1522371763791	576	none	1522371758425	926	1444	updateMouse
planned_sample	6359-ee35b23b-7ebe-42a5-8ab7-53d495b42dc7	12	1522371763810	513	none	1522371758441	987	1504	updateMouse
planned_sample	6359-ee35b23b-7ebe-42a5-8ab7-53d495b42dc7	12	1522371763826	431	none	1522371758458	1071	1542	updateMouse
planned_sample	6359-ee35b23b-7ebe-42a5-8ab7-53d495b42dc7	12	1522371763846	382	none	1522371758477	1123	1567	updateMouse
planned_sample	6359-ee35b23b-7ebe-42a5-8ab7-53d495b42dc7	12	1522371763858	364	none	1522371758491	1142	1567	updateMouse
planned_sample	6359-ee35b23b-7ebe-42a5-8ab7-53d495b42dc7	12	1522371763874	336	none	1522371758509	1170	1567	updateMouse
planned_sample	6359-ee35b23b-7ebe-42a5-8ab7-53d495b42dc7	12	1522371763893	315	none	1522371758525	1194	1575	updateMouse
planned_sample	6359-ee35b23b-7ebe-42a5-8ab7-53d495b42dc7	12	1522371763912	309	none	1522371758542	1200	1575	updateMouse
planned_sample	6359-ee35b23b-7ebe-42a5-8ab7-53d495b42dc7	12	1522371763925	277	none	1522371758559	1233	1575	updateMouse
planned_sample	6359-ee35b23b-7ebe-42a5-8ab7-53d495b42dc7	12	1522371763948	251	none	1522371758578	1260	1575	updateMouse
planned_sample	6359-ee35b23b-7ebe-42a5-8ab7-53d495b42dc7	12	1522371763965	215	none	1522371758594	1298	1575	updateMouse
planned_sample	6359-ee35b23b-7ebe-42a5-8ab7-53d495b42dc7	12	1522371763980	190	none	1522371758609	1325	1575	updateMouse
planned_sample	6359-ee35b23b-7ebe-42a5-8ab7-53d495b42dc7	12	1522371763995	178	none	1522371758630	1345	1589	updateMouse
planned_sample	6359-ee35b23b-7ebe-42a5-8ab7-53d495b42dc7	12	1522371764018	174	none	1522371758652	1350	1589	updateMouse
planned_sample	6359-ee35b23b-7ebe-42a5-8ab7-53d495b42dc7	12	1522371764661	177	none	1522371759294	1350	1594	updateMouse
planned_sample	6359-ee35b23b-7ebe-42a5-8ab7-53d495b42dc7	12	1522371764677	181	none	1522371759310	1358	1613	updateMouse
planned_sample	6359-ee35b23b-7ebe-42a5-8ab7-53d495b42dc7	12	1522371764693	180	none	1522371759325	1364	1619	updateMouse
planned_sample	6359-ee35b23b-7ebe-42a5-8ab7-53d495b42dc7	12	1522371764709	185	none	1522371759341	1369	1632	updateMouse
planned_sample	6359-ee35b23b-7ebe-42a5-8ab7-53d495b42dc7	12	1522371764725	190	none	1522371759359	1397	1660	updateMouse
planned_sample	6359-ee35b23b-7ebe-42a5-8ab7-53d495b42dc7	12	1522371764741	187	none	1522371759375	1410	1665	updateMouse
planned_sample	6359-ee35b23b-7ebe-42a5-8ab7-53d495b42dc7	12	1522371764760	185	none	1522371759394	1416	1665	updateMouse
planned_sample	6359-ee35b23b-7ebe-42a5-8ab7-53d495b42dc7	12	1522371764776	187	none	1522371759409	1429	1673	updateMouse
planned_sample	6359-ee35b23b-7ebe-42a5-8ab7-53d495b42dc7	12	1522371764795	184	none	1522371759430	1435	1673	updateMouse
planned_sample	6359-ee35b23b-7ebe-42a5-8ab7-53d495b42dc7	12	1522371764808	183	none	1522371759442	1440	1673	updateMouse
planned_sample	6359-ee35b23b-7ebe-42a5-8ab7-53d495b42dc7	12	1522371764901	180	none	1522371759534	1449	1673	updateMouse
planned_sample	6359-ee35b23b-7ebe-42a5-8ab7-53d495b42dc7	12	1522371764926	175	none	1522371759559	1473	1673	updateMouse
planned_sample	6359-ee35b23b-7ebe-42a5-8ab7-53d495b42dc7	12	1522371764942	174	none	1522371759574	1481	1673	updateMouse
planned_sample	6359-ee35b23b-7ebe-42a5-8ab7-53d495b42dc7	12	1522371764962	162	none	1522371759591	1500	1662	updateMouse
planned_sample	6359-ee35b23b-7ebe-42a5-8ab7-53d495b42dc7	12	1522371764982	149	none	1522371759608	1514	1649	updateMouse
planned_sample	6359-ee35b23b-7ebe-42a5-8ab7-53d495b42dc7	12	1522371764994	122	none	1522371759626	1539	1616	updateMouse
planned_sample	6359-ee35b23b-7ebe-42a5-8ab7-53d495b42dc7	12	1522371765010	101	none	1522371759642	1558	1583	updateMouse
planned_sample	6359-ee35b23b-7ebe-42a5-8ab7-53d495b42dc7	12	1522371765029	96	none	1522371759658	1572	1564	updateMouse
planned_sample	6359-ee35b23b-7ebe-42a5-8ab7-53d495b42dc7	12	1522371765042	77	none	1522371759676	1577	1507	updateMouse
planned_sample	6359-ee35b23b-7ebe-42a5-8ab7-53d495b42dc7	12	1522371765061	86	none	1522371759692	1577	1460	updateMouse
planned_sample	6359-ee35b23b-7ebe-42a5-8ab7-53d495b42dc7	12	1522371765077	131	none	1522371759708	1577	1394	updateMouse
planned_sample	6359-ee35b23b-7ebe-42a5-8ab7-53d495b42dc7	12	1522371765090	175	none	1522371759725	1577	1342	updateMouse
planned_sample	6359-ee35b23b-7ebe-42a5-8ab7-53d495b42dc7	12	1522371765109	228	none	1522371759742	1577	1285	updateMouse
planned_sample	6359-ee35b23b-7ebe-42a5-8ab7-53d495b42dc7	12	1522371765125	279	none	1522371759759	1550	1225	updateMouse
planned_sample	6359-ee35b23b-7ebe-42a5-8ab7-53d495b42dc7	12	1522371765146	315	none	1522371759777	1541	1187	updateMouse
planned_sample	6359-ee35b23b-7ebe-42a5-8ab7-53d495b42dc7	12	1522371765160	398	none	1522371759794	1490	1102	updateMouse
planned_sample	6359-ee35b23b-7ebe-42a5-8ab7-53d495b42dc7	12	1522371765176	446	none	1522371759809	1470	1055	updateMouse
planned_sample	6359-ee35b23b-7ebe-42a5-8ab7-53d495b42dc7	12	1522371765192	499	none	1522371759824	1438	1004	updateMouse
planned_sample	6359-ee35b23b-7ebe-42a5-8ab7-53d495b42dc7	12	1522371765208	523	none	1522371759842	1413	984	updateMouse
planned_sample	6359-ee35b23b-7ebe-42a5-8ab7-53d495b42dc7	12	1522371765224	559	none	1522371759859	1386	952	updateMouse
planned_sample	6359-ee35b23b-7ebe-42a5-8ab7-53d495b42dc7	12	1522371765240	569	none	1522371759874	1366	946	updateMouse
planned_sample	6359-ee35b23b-7ebe-42a5-8ab7-53d495b42dc7	12	1522371765256	588	none	1522371759891	1347	932	updateMouse
planned_sample	6359-ee35b23b-7ebe-42a5-8ab7-53d495b42dc7	12	1522371765275	604	none	1522371759909	1306	927	updateMouse
planned_sample	6359-ee35b23b-7ebe-42a5-8ab7-53d495b42dc7	12	1522371765291	621	none	1522371759924	1295	913	updateMouse
planned_sample	6359-ee35b23b-7ebe-42a5-8ab7-53d495b42dc7	12	1522371765314	646	none	1522371759942	1230	913	updateMouse
planned_sample	6359-ee35b23b-7ebe-42a5-8ab7-53d495b42dc7	12	1522371765330	671	none	1522371759957	1183	908	updateMouse
planned_sample	6359-ee35b23b-7ebe-42a5-8ab7-53d495b42dc7	12	1522371765343	740	none	1522371759977	1066	900	updateMouse
planned_sample	6359-ee35b23b-7ebe-42a5-8ab7-53d495b42dc7	12	1522371765362	772	none	1522371759993	1014	900	updateMouse
planned_sample	6359-ee35b23b-7ebe-42a5-8ab7-53d495b42dc7	12	1522371765381	818	none	1522371760008	943	900	updateMouse
planned_sample	6359-ee35b23b-7ebe-42a5-8ab7-53d495b42dc7	12	1522371765390	831	none	1522371760024	924	900	updateMouse
planned_sample	6359-ee35b23b-7ebe-42a5-8ab7-53d495b42dc7	12	1522371765410	859	none	1522371760041	891	894	updateMouse
planned_sample	6359-ee35b23b-7ebe-42a5-8ab7-53d495b42dc7	12	1522371765426	877	none	1522371760059	866	894	updateMouse
planned_sample	6359-ee35b23b-7ebe-42a5-8ab7-53d495b42dc7	12	1522371765442	889	none	1522371760077	853	889	updateMouse
planned_sample	6359-ee35b23b-7ebe-42a5-8ab7-53d495b42dc7	12	1522371765459	894	none	1522371760093	847	889	updateMouse
planned_sample	6359-ee35b23b-7ebe-42a5-8ab7-53d495b42dc7	12	1522371765474	900	none	1522371760109	839	889	updateMouse
planned_sample	6359-ee35b23b-7ebe-42a5-8ab7-53d495b42dc7	13	1522371785301	852	822	1522371779934	921	916	updateMouse
planned_sample	6359-ee35b23b-7ebe-42a5-8ab7-53d495b42dc7	13	1522371785685	847	816	1522371780316	921	924	updateMouse
planned_sample	6359-ee35b23b-7ebe-42a5-8ab7-53d495b42dc7	13	1522371785691	850	813	1522371780326	926	924	updateMouse
planned_sample	6359-ee35b23b-7ebe-42a5-8ab7-53d495b42dc7	13	1522371785746	831	823	1522371780381	905	930	updateMouse
planned_sample	6359-ee35b23b-7ebe-42a5-8ab7-53d495b42dc7	13	1522371785759	821	834	1522371780392	891	930	updateMouse
planned_sample	6359-ee35b23b-7ebe-42a5-8ab7-53d495b42dc7	13	1522371785774	803	852	1522371780409	866	930	updateMouse
planned_sample	6359-ee35b23b-7ebe-42a5-8ab7-53d495b42dc7	13	1522371785794	761	871	1522371780426	825	949	updateMouse
planned_sample	6359-ee35b23b-7ebe-42a5-8ab7-53d495b42dc7	13	1522371785809	747	874	1522371780441	814	957	updateMouse
planned_sample	6359-ee35b23b-7ebe-42a5-8ab7-53d495b42dc7	13	1522371785826	707	885	1522371780459	782	982	updateMouse
planned_sample	6359-ee35b23b-7ebe-42a5-8ab7-53d495b42dc7	13	1522371785842	671	901	1522371780474	749	1001	updateMouse
planned_sample	6359-ee35b23b-7ebe-42a5-8ab7-53d495b42dc7	13	1522371785861	612	928	1522371780492	697	1034	updateMouse
planned_sample	6359-ee35b23b-7ebe-42a5-8ab7-53d495b42dc7	13	1522371785877	547	937	1522371780510	659	1086	updateMouse
planned_sample	6359-ee35b23b-7ebe-42a5-8ab7-53d495b42dc7	13	1522371785893	509	951	1522371780525	631	1113	updateMouse
planned_sample	6359-ee35b23b-7ebe-42a5-8ab7-53d495b42dc7	13	1522371785915	426	975	1522371780542	579	1178	updateMouse
planned_sample	6359-ee35b23b-7ebe-42a5-8ab7-53d495b42dc7	13	1522371785925	389	993	1522371780557	552	1203	updateMouse
planned_sample	6359-ee35b23b-7ebe-42a5-8ab7-53d495b42dc7	13	1522371785941	357	988	1522371780576	546	1241	updateMouse
planned_sample	6359-ee35b23b-7ebe-42a5-8ab7-53d495b42dc7	13	1522371785960	338	987	1522371780592	541	1263	updateMouse
planned_sample	6359-ee35b23b-7ebe-42a5-8ab7-53d495b42dc7	13	1522371785983	288	1004	1522371780607	514	1307	updateMouse
planned_sample	6359-ee35b23b-7ebe-42a5-8ab7-53d495b42dc7	13	1522371785992	266	1005	1522371780625	508	1334	updateMouse
planned_sample	6359-ee35b23b-7ebe-42a5-8ab7-53d495b42dc7	13	1522371786008	206	1023	1522371780643	481	1400	updateMouse
planned_sample	6359-ee35b23b-7ebe-42a5-8ab7-53d495b42dc7	13	1522371786024	171	1033	1522371780659	467	1463	updateMouse
planned_sample	6359-ee35b23b-7ebe-42a5-8ab7-53d495b42dc7	13	1522371786046	126	1077	1522371780676	423	1528	updateMouse
planned_sample	6359-ee35b23b-7ebe-42a5-8ab7-53d495b42dc7	13	1522371786059	136	1092	1522371780692	410	1580	updateMouse
planned_sample	6359-ee35b23b-7ebe-42a5-8ab7-53d495b42dc7	13	1522371786078	134	1107	1522371780711	396	1594	updateMouse
planned_sample	6359-ee35b23b-7ebe-42a5-8ab7-53d495b42dc7	13	1522371786091	141	1114	1522371780726	391	1608	updateMouse
planned_sample	6359-ee35b23b-7ebe-42a5-8ab7-53d495b42dc7	13	1522371786110	137	1120	1522371780742	385	1608	updateMouse
planned_sample	6359-ee35b23b-7ebe-42a5-8ab7-53d495b42dc7	13	1522371786127	136	1128	1522371780758	377	1613	updateMouse
planned_sample	6359-ee35b23b-7ebe-42a5-8ab7-53d495b42dc7	13	1522371786597	133	1133	1522371781226	372	1613	updateMouse
planned_sample	6359-ee35b23b-7ebe-42a5-8ab7-53d495b42dc7	14	1522371811989	878	608	1522371806622	866	908	updateMouse
planned_sample	6359-ee35b23b-7ebe-42a5-8ab7-53d495b42dc7	14	1522371812024	878	601	1522371806658	858	900	updateMouse
planned_sample	6359-ee35b23b-7ebe-42a5-8ab7-53d495b42dc7	14	1522371812504	874	601	1522371807136	864	900	updateMouse
planned_sample	6359-ee35b23b-7ebe-42a5-8ab7-53d495b42dc7	14	1522371812530	819	561	1522371807159	902	861	updateMouse
planned_sample	6359-ee35b23b-7ebe-42a5-8ab7-53d495b42dc7	14	1522371812546	760	510	1522371807177	935	809	updateMouse
planned_sample	6359-ee35b23b-7ebe-42a5-8ab7-53d495b42dc7	14	1522371812562	737	498	1522371807192	954	796	updateMouse
planned_sample	6359-ee35b23b-7ebe-42a5-8ab7-53d495b42dc7	14	1522371812581	685	450	1522371807208	978	744	updateMouse
planned_sample	6359-ee35b23b-7ebe-42a5-8ab7-53d495b42dc7	14	1522371812590	647	439	1522371807224	1011	725	updateMouse
planned_sample	6359-ee35b23b-7ebe-42a5-8ab7-53d495b42dc7	14	1522371812610	607	398	1522371807243	1025	678	updateMouse
planned_sample	6359-ee35b23b-7ebe-42a5-8ab7-53d495b42dc7	14	1522371812626	582	379	1522371807258	1038	654	updateMouse
planned_sample	6359-ee35b23b-7ebe-42a5-8ab7-53d495b42dc7	14	1522371812646	520	316	1522371807277	1058	574	updateMouse
planned_sample	6359-ee35b23b-7ebe-42a5-8ab7-53d495b42dc7	14	1522371812667	460	296	1522371807292	1096	522	updateMouse
planned_sample	6359-ee35b23b-7ebe-42a5-8ab7-53d495b42dc7	14	1522371812674	388	274	1522371807307	1137	438	updateMouse
planned_sample	6359-ee35b23b-7ebe-42a5-8ab7-53d495b42dc7	14	1522371812693	377	259	1522371807326	1137	405	updateMouse
planned_sample	6359-ee35b23b-7ebe-42a5-8ab7-53d495b42dc7	14	1522371812709	368	244	1522371807342	1137	361	updateMouse
planned_sample	6359-ee35b23b-7ebe-42a5-8ab7-53d495b42dc7	14	1522371812725	375	227	1522371807359	1126	328	updateMouse
planned_sample	6359-ee35b23b-7ebe-42a5-8ab7-53d495b42dc7	14	1522371812746	374	226	1522371807377	1126	301	updateMouse
planned_sample	6359-ee35b23b-7ebe-42a5-8ab7-53d495b42dc7	14	1522371812766	353	250	1522371807392	1148	268	updateMouse
planned_sample	6359-ee35b23b-7ebe-42a5-8ab7-53d495b42dc7	14	1522371812776	321	284	1522371807408	1181	257	updateMouse
planned_sample	6359-ee35b23b-7ebe-42a5-8ab7-53d495b42dc7	14	1522371812795	287	330	1522371807423	1222	225	updateMouse
planned_sample	6359-ee35b23b-7ebe-42a5-8ab7-53d495b42dc7	14	1522371812808	203	426	1522371807443	1317	211	updateMouse
planned_sample	6359-ee35b23b-7ebe-42a5-8ab7-53d495b42dc7	14	1522371812825	145	513	1522371807458	1402	192	updateMouse
planned_sample	6359-ee35b23b-7ebe-42a5-8ab7-53d495b42dc7	14	1522371812843	108	609	1522371807475	1500	192	updateMouse
planned_sample	6359-ee35b23b-7ebe-42a5-8ab7-53d495b42dc7	14	1522371812863	146	707	1522371807492	1599	192	updateMouse
planned_sample	6359-ee35b23b-7ebe-42a5-8ab7-53d495b42dc7	14	1522371812878	163	731	1522371807509	1623	192	updateMouse
planned_sample	6359-ee35b23b-7ebe-42a5-8ab7-53d495b42dc7	14	1522371812898	179	750	1522371807524	1643	192	updateMouse
planned_sample	6359-ee35b23b-7ebe-42a5-8ab7-53d495b42dc7	14	1522371812917	178	750	1522371807543	1643	194	updateMouse
planned_sample	6359-ee35b23b-7ebe-42a5-8ab7-53d495b42dc7	14	1522371812987	169	739	1522371807613	1632	194	updateMouse
planned_sample	6359-ee35b23b-7ebe-42a5-8ab7-53d495b42dc7	14	1522371813000	163	738	1522371807626	1632	203	updateMouse
planned_sample	6359-ee35b23b-7ebe-42a5-8ab7-53d495b42dc7	14	1522371813013	159	732	1522371807642	1626	203	updateMouse
planned_sample	6359-ee35b23b-7ebe-42a5-8ab7-53d495b42dc7	14	1522371813032	152	726	1522371807659	1621	208	updateMouse
planned_sample	6359-ee35b23b-7ebe-42a5-8ab7-53d495b42dc7	14	1522371813058	142	718	1522371807683	1613	214	updateMouse
planned_sample	6359-ee35b23b-7ebe-42a5-8ab7-53d495b42dc7	14	1522371813090	128	706	1522371807716	1602	222	updateMouse
planned_sample	6359-ee35b23b-7ebe-42a5-8ab7-53d495b42dc7	14	1522371813103	125	705	1522371807732	1602	227	updateMouse
planned_sample	6359-ee35b23b-7ebe-42a5-8ab7-53d495b42dc7	14	1522371813251	109	691	1522371807876	1588	235	updateMouse
planned_sample	6359-ee35b23b-7ebe-42a5-8ab7-53d495b42dc7	14	1522371813262	99	682	1522371807892	1580	241	updateMouse
planned_sample	6359-ee35b23b-7ebe-42a5-8ab7-53d495b42dc7	14	1522371813282	72	662	1522371807909	1561	260	updateMouse
planned_sample	6359-ee35b23b-7ebe-42a5-8ab7-53d495b42dc7	14	1522371813291	69	661	1522371807925	1561	266	updateMouse
planned_sample	6359-ee35b23b-7ebe-42a5-8ab7-53d495b42dc7	14	1522371813314	64	655	1522371807944	1555	266	updateMouse
planned_sample	6359-ee35b23b-7ebe-42a5-8ab7-53d495b42dc7	14	1522371813330	60	655	1522371807959	1555	274	updateMouse
planned_sample	6359-ee35b23b-7ebe-42a5-8ab7-53d495b42dc7	14	1522371813346	58	655	1522371807979	1555	279	updateMouse
